종목명,신문사,시간,제목,본문
오파스넷,한국경제TV,2019.02.28. 오전 11:49,"오파스넷, 전일 대비 약 5% 하락한 11,350원","[한국경제TV 라이온봇 기자]


[그림 1] 최근 3개월 간 주가 추세 및 기간별 수익률


오파스넷은 2월 28일 11시 48분 전일 대비 약 5% 하락한 11,350원에 거래되고 있다. 오파스넷은 코스닥 상장 기업으로 소프트웨어 업종에 속해 있다. 시가총액은 483억원으로 코스닥 상장기업 중 1,049위에 위치 해 있다.

[종목 성향 진단]


[그림 2] 종목 성향 진단


오파스넷의 투자 스타일은 모호한 측면이 있으나 성장주라고 볼 수 있다. 주가 고평가 우려가 공존하지만 높은 성장성이 기대되는 기업이다.
주가 모멘텀은 부진한 편이었다. 최근 6개월 수익률은 -17.24%의 하락폭을 기록했다. 최근 1개월 수익률 또한 -4.76% 하락하며 부진한 모멘텀을 이어가고 있다.
오파스넷 종목에 대한 투자자의 관심도는 상대적으로 낮은 편이었다.

[투자 점수 진단]


[그림 3] 투자 점수 진단


오파스넷은 어느 측면에서 투자 매력도가 높은 종목일까?

AI 인공지능 종목 분석 시스템을 이용해 성장성, 수익성, 효율성, 안전성, 저평가성, 추세 등 주가 수익률에 영향을 줄 수 있는 6가지 핵심 투자 지표를 점수화하여 종목의 투자 매력도를 계산해보았다.
그 결과 오파스넷은 상대적으로 재무안정성 측면에서 두각을 드러내고 있었다.

재무안정성 점수는 기업의 재무 구조가 얼마나 안정적인 상태인지를 나타낸다.

오파스넷은 특히 당좌비율 측면에서 가장 높은 점수는 기록했는데, 전체 시장 내 521위를 기록하며 상위 26.22%에 위치했다. 업종별로는 196위를 기록하며 상위 32.61%에 위치했다.

그러나 기업의 이익 실현 정도를 나타내는 수익성 측면에서는 아쉬움을 나타냈다.

(위의 AI인공지능 점수는 재무 데이터를 기반으로 전체 상장 종목과 비교/분석하여 도출한 점수로 높은 점수가 반드시 높은 수익률을 보장하지 않습니다. 위의 자료는 당사의 추천 종목이 아니며, 투자 시 참고용으로 제시해드리는 것입니다. 핵심투자지표를 결합해 종목의 투자매력도를 종합 계산한 ""인공지능 투자점수""는 ""거장들의 투자공식"" 앱에서 확인하실 수 있습니다.)

라이온봇 기자 -한국경제TV

※ 본 기사는 한국경제TV와 '거장들의 투자공식이'
자체 개발한 '라이온봇 기자'가 실시간으로 작성한 기사입니다.

라이온봇기자

▶ 네이버 홈에서 [한국경제TV] 채널 구독하기 [생방송보기]
▶ 대한민국 재테크 총집결! - [증권 / 주식상담 / 부동산]

ⓒ 한국경제TV, 무단 전재 및 재배포 금지"
오파스넷,한국경제TV,2019.03.04. 오전 10:54,"오파스넷, 전일 대비 약 4% 상승한 11,400원","[한국경제TV 라이온봇 기자]


[그림 1] 최근 3개월 간 주가 추세 및 기간별 수익률


오파스넷은 3월 4일 10시 53분 전일 대비 약 4% 상승한 11,400원에 거래되고 있다. 오파스넷은 코스닥 상장 기업으로 소프트웨어 업종에 속해 있다. 시가총액은 442억원으로 코스닥 상장기업 중 1,080위에 위치 해 있다.

[종목 성향 진단]


[그림 2] 종목 성향 진단


오파스넷의 투자 스타일은 모호한 측면이 있으나 성장주라고 볼 수 있다. 주가 고평가 우려가 공존하지만 높은 성장성이 기대되는 기업이다.
주가 모멘텀은 부진한 편이었다. 최근 6개월 수익률은 -20.58%의 하락폭을 기록했다. 최근 1개월 수익률 또한 -12.35% 하락하며 부진한 모멘텀을 이어가고 있다.
오파스넷 종목에 대한 투자자의 관심도는 평범한 수준이었다.

[투자 점수 진단]


[그림 3] 투자 점수 진단


오파스넷은 어느 측면에서 투자 매력도가 높은 종목일까?

AI 인공지능 종목 분석 시스템을 이용해 성장성, 수익성, 효율성, 안전성, 저평가성, 추세 등 주가 수익률에 영향을 줄 수 있는 6가지 핵심 투자 지표를 점수화하여 종목의 투자 매력도를 계산해보았다.
그 결과 오파스넷은 상대적으로 재무안정성 측면에서 두각을 드러내고 있었다.

재무안정성 점수는 기업의 재무 구조가 얼마나 안정적인 상태인지를 나타낸다.

오파스넷은 특히 당좌비율 측면에서 가장 높은 점수는 기록했는데, 전체 시장 내 521위를 기록하며 상위 26.22%에 위치했다. 업종별로는 196위를 기록하며 상위 32.61%에 위치했다.

그러나 기업의 이익 실현 정도를 나타내는 수익성 측면에서는 아쉬움을 나타냈다.

(위의 AI인공지능 점수는 재무 데이터를 기반으로 전체 상장 종목과 비교/분석하여 도출한 점수로 높은 점수가 반드시 높은 수익률을 보장하지 않습니다. 위의 자료는 당사의 추천 종목이 아니며, 투자 시 참고용으로 제시해드리는 것입니다. 핵심투자지표를 결합해 종목의 투자매력도를 종합 계산한 ""인공지능 투자점수""는 ""거장들의 투자공식"" 앱에서 확인하실 수 있습니다.)

라이온봇 기자 -한국경제TV

※ 본 기사는 한국경제TV와 '거장들의 투자공식이'
자체 개발한 '라이온봇 기자'가 실시간으로 작성한 기사입니다.

라이온봇기자

▶ 네이버 홈에서 [한국경제TV] 채널 구독하기 [생방송보기]
▶ 대한민국 재테크 총집결! - [증권 / 주식상담 / 부동산]

ⓒ 한국경제TV, 무단 전재 및 재배포 금지"
오파스넷,국민일보,2019.03.21. 오전 11:54,오파스넷 단기차입금 102억원 증가,"오파스넷은 단기차입금을 102억원 늘리기로 결정했다고 21일 공시했다.

차입목적은 여신한도 약정 갱신이며, 차입형태는 상품수입 외화지급 보증을 위한 은행 여신 확보이다.

차입금액 102억원은 자기자본의 36.53% 수준이며, 차입 이후 단기차입금 총액은 177억원이다.

한편, 오파스넷의 11시 51분 현재주가는 11,200원으로 직전 거래일 대비 변동없으며, 거래량은 20,618주이다.

공시 전문으로 이동

스톡봇 기자

※ 이 기사는 국민일보와 엠로보가 개발한 증권뉴스 전용 인공지능 로봇 ‘스톡봇’이 금융감독원 전자공시시스템(DART)과 한국거래소(KRX) 데이터를 토대로 작성한 것입니다. 지속적인 업그레이드를 통해 더욱 풍부하고 정확한 내용을 담아 가겠습니다.

[네이버 메인에서 채널 구독하기]
[취향저격 뉴스는 여기] [의뢰하세요 취재대행소 왱]

GoodNews paper ⓒ 국민일보(www.kmib.co.kr), 무단전재 및 재배포금지"
오파스넷,전자신문,2019.03.29. 오후 3:54,"[ET투자뉴스]오파스넷, 18년4분기 실적 발표","3월 29일 오파스넷(173130)의 2018년 4분기 개별 확정 실적이 발표됐다. 전년 같은 기간 대비해서 매출액은 168.88% 줄어들어 -223억원을 기록했다. 영업이익은 167.29% 증가하여 18.7억원을 달성했다. 당기순이익은 9.9억원으로 -12억원에서 흑자전환되었다.






이번분기 기준으로 추정되는 한편 동종목의




주가가 1주당 수익의 몇배가 되는지 나타내는 주가수익비율(PER)은 44.7배로 나타났다.






다음은 오파스넷과 동일 업종 내 비교 그룹 종목의 각각 최근 실적의 전년 동기 대비 성장률이다. 오파스넷의 매출액은 감소했지만 증감율은 타 종목 대비 가장 우수한 편이다. 그리고 주가는 가장 높은 상승률을 보였다.





증시분석 전문기자 로봇 ET etbot@etnews.com
전자신문과 금융AI전문기업 씽크풀의 증시분석 전문기자 로봇 ET가 쓴 기사입니다

▶ 네이버 모바일에서 [전자신문] 채널 구독하기
▶ 전자신문 바로가기
[Copyright ⓒ 전자신문 & 전자신문인터넷, 무단전재 및 재배포 금지]"
오파스넷,파이낸셜뉴스,2019.04.04. 오전 11:18,"[fnRASSI]오파스넷, 1.69% 오르며 거래량 증가","오파스넷(173130)은 당일 거래량 증가로 최근 5거래일 거래량의 최고치를 경신했다. 그리고 오파스넷은 5일 연속 상승흐름을 보이며, 11시 3분 현재 1.69% 증가한 12,000원에 거래중이다.

외국인 보유량 증가, 기관 변화 없음 (5일 누적)
최근 5일간 동종목의 외국인 투자자는 25,737주 순매수하였고 마찬가지로 기관은 0주 순매수하였다. 전날 외국인은 7,047주 순매수했지만 기관은 순매수량이 0으로 보유비율 그대로 유지했다.

다음 표는 동종목의 외국인, 기관의 일별 순매수량을 나타낸 것이다.



개인,외국인만 거래 참여
최근 한달간 주체별 거래비중을 살펴보면 개인이 92.62%, 외국인이 6.62%를 보였고, 기관은 거래참여가 없었다. 그리고 최근 5일간 거래비중은 개인이 91.25%, 외국인이 7.74%를 보였고, 기관은 거래참여가 없었다.

'fnRASSI'는 금융 AI 전문기업 씽크풀과 파이낸셜뉴스의 협업으로 로봇기자가 실시간으로 생산하는 기사입니다.

fnRASSI@fnnews.com fnRASSI

▶ 세상의 모든 골 때리는 이야기 'fn파스'
▶ 속보이는 연예뉴스 fn스타

※ 저작권자 ⓒ 파이낸셜뉴스. 무단 전재-재배포 금지"
오파스넷,한국경제,2019.04.09. 오전 9:28,"'오파스넷' 10% 이상 상승, 주가 상승 중, 단기간 골든크로스 형성","◆ 차트 분석
- 주가 상승 중, 단기간 골든크로스 형성
차트상 주가의 흐름은 단기간에 골든크로스를 만들고 주가가 60일선까지 뚫고 가는 모습이다.

이 종목의 차트에서 최근에 최근 5일 매물대 돌파, 일목균형표 선행스팬 상향돌파(매수), 주가 5MA 상향돌파 등을 확인할 수 있다

[그래프]오파스넷 차트 분석


◆ 최근 분기 실적
- 2018.4Q, 매출액 349억(+16.6%), 영업이익 23억(+3.2%)
오파스넷의 2018년 4사분기 매출액은 349억으로 전년동기 대비 16.63% 상승했고, 영업이익은 23억으로 전년동기 대비 3.2% 증가했다.
이 회사의 매출액 증가율과 영업이익 증가율은 각각 코스닥 상위 38%, 상위 50%에 랭킹되고 있다.

[표]오파스넷 분기실적


한경로보뉴스

이 기사는 한국경제신문과 금융 AI 전문기업 씽크풀이 공동 개발한 기사 자동생성 알고리즘에 의해 실시간으로 작성된 것입니다.



[한경닷컴 바로가기] [모바일한경 구독신청]
네이버에서 한국경제 채널 구독하기 <자세히 보기>
ⓒ 한국경제 & hankyung.com, 무단전재 및 재배포 금지"
오파스넷,한국경제TV,2019.04.09. 오전 9:49,"오파스넷, 전일 대비 약 9% 상승한 12,750원","[한국경제TV 라이온봇 기자]


[그림 1] 최근 3개월 간 주가 추세 및 기간별 수익률


오파스넷은 4월 9일 9시 48분 전일 대비 약 9% 상승한 12,750원에 거래되고 있다. 오파스넷은 코스닥 상장 기업으로 소프트웨어 업종에 속해 있다. 시가총액은 469억원으로 코스닥 상장기업 중 1,070위에 위치 해 있다.

[종목 성향 진단]


[그림 2] 종목 성향 진단


오파스넷의 투자 스타일은 모호한 측면이 있으나 가치주라고 볼 수 있다. 기업 가치 대비 낮은 주가가 매력적인 기업이다.
주가 모멘텀은 평범한 수준이었다. 최근 1개월 수익률이 4.43%, 3개월 수익률은 -10.61%, 6개월 수익률은 18.59%를 기록했다.
오파스넷 종목에 대한 투자자의 관심도는 평범한 수준이었다.

[투자 점수 진단]


[그림 3] 투자 점수 진단


오파스넷은 어느 측면에서 투자 매력도가 높은 종목일까?

AI 인공지능 종목 분석 시스템을 이용해 성장성, 수익성, 효율성, 안전성, 저평가성, 추세 등 주가 수익률에 영향을 줄 수 있는 6가지 핵심 투자 지표를 점수화하여 종목의 투자 매력도를 계산해보았다.
그 결과 오파스넷은 상대적으로 재무안정성 측면에서 두각을 드러내고 있었다.

재무안정성 점수는 기업의 재무 구조가 얼마나 안정적인 상태인지를 나타낸다.

오파스넷은 특히 당좌비율 측면에서 가장 높은 점수는 기록했는데, 전체 시장 내 441위를 기록하며 상위 22.2%에 위치했다. 업종별로는 171위를 기록하며 상위 28.29%에 위치했다.

그러나 기업의 이익 실현 정도를 나타내는 수익성 측면에서는 아쉬움을 나타냈다.

(위의 AI인공지능 점수는 재무 데이터를 기반으로 전체 상장 종목과 비교/분석하여 도출한 점수로 높은 점수가 반드시 높은 수익률을 보장하지 않습니다. 위의 자료는 당사의 추천 종목이 아니며, 투자 시 참고용으로 제시해드리는 것입니다. 핵심투자지표를 결합해 종목의 투자매력도를 종합 계산한 ""인공지능 투자점수""는 ""거장들의 투자공식"" 앱에서 확인하실 수 있습니다.)

라이온봇 기자 -한국경제TV

※ 본 기사는 한국경제TV와 '거장들의 투자공식이'
자체 개발한 '라이온봇 기자'가 실시간으로 작성한 기사입니다.

라이온봇기자

▶ 네이버 홈에서 [한국경제TV] 채널 구독하기 [생방송보기]
▶ 대한민국 재테크 총집결! - [증권 / 주식상담 / 부동산]

ⓒ 한국경제TV, 무단 전재 및 재배포 금지"
오파스넷,한국경제TV,2019.04.09. 오전 9:49,"오파스넷, 10% 급등... 전일 보다 1,150원 상승한 12,800원","[한국경제TV 라이온봇 기자]


[그림 1] 최근 3개월 간 주가 추세 및 기간별 수익률


오파스넷은 4월 9일 9시 48분 전일 대비 약 10% 급등한 12,800원에 거래되고 있다. 오파스넷은 코스닥 상장 기업으로 소프트웨어 업종에 속해 있다. 시가총액은 469억원으로 코스닥 상장기업 중 1,071위에 위치 해 있다.

[종목 성향 진단]


[그림 2] 종목 성향 진단


오파스넷의 투자 스타일은 모호한 측면이 있으나 가치주라고 볼 수 있다. 기업 가치 대비 낮은 주가가 매력적인 기업이다.
주가 모멘텀은 평범한 수준이었다. 최근 1개월 수익률이 4.43%, 3개월 수익률은 -10.61%, 6개월 수익률은 18.59%를 기록했다.
오파스넷 종목에 대한 투자자의 관심도는 평범한 수준이었다.

[투자 점수 진단]


[그림 3] 투자 점수 진단


오파스넷은 어느 측면에서 투자 매력도가 높은 종목일까?

AI 인공지능 종목 분석 시스템을 이용해 성장성, 수익성, 효율성, 안전성, 저평가성, 추세 등 주가 수익률에 영향을 줄 수 있는 6가지 핵심 투자 지표를 점수화하여 종목의 투자 매력도를 계산해보았다.
그 결과 오파스넷은 상대적으로 재무안정성 측면에서 두각을 드러내고 있었다.

재무안정성 점수는 기업의 재무 구조가 얼마나 안정적인 상태인지를 나타낸다.

오파스넷은 특히 당좌비율 측면에서 가장 높은 점수는 기록했는데, 전체 시장 내 441위를 기록하며 상위 22.2%에 위치했다. 업종별로는 171위를 기록하며 상위 28.29%에 위치했다.

그러나 기업의 이익 실현 정도를 나타내는 수익성 측면에서는 아쉬움을 나타냈다.

(위의 AI인공지능 점수는 재무 데이터를 기반으로 전체 상장 종목과 비교/분석하여 도출한 점수로 높은 점수가 반드시 높은 수익률을 보장하지 않습니다. 위의 자료는 당사의 추천 종목이 아니며, 투자 시 참고용으로 제시해드리는 것입니다. 핵심투자지표를 결합해 종목의 투자매력도를 종합 계산한 ""인공지능 투자점수""는 ""거장들의 투자공식"" 앱에서 확인하실 수 있습니다.)

라이온봇 기자 -한국경제TV

※ 본 기사는 한국경제TV와 '거장들의 투자공식이'
자체 개발한 '라이온봇 기자'가 실시간으로 작성한 기사입니다.

라이온봇기자

▶ 네이버 홈에서 [한국경제TV] 채널 구독하기 [생방송보기]
▶ 대한민국 재테크 총집결! - [증권 / 주식상담 / 부동산]

ⓒ 한국경제TV, 무단 전재 및 재배포 금지"
오파스넷,한국경제TV,2019.04.12. 오전 9:54,"오파스넷, 전일 대비 약 4% 상승한 13,150원","[한국경제TV 라이온봇 기자]


[그림 1] 최근 3개월 간 주가 추세 및 기간별 수익률


오파스넷은 4월 12일 9시 53분 전일 대비 약 4% 상승한 13,150원에 거래되고 있다. 오파스넷은 코스닥 상장 기업으로 소프트웨어 업종에 속해 있다. 시가총액은 507억원으로 코스닥 상장기업 중 1,046위에 위치 해 있다.

[종목 성향 진단]


[그림 2] 종목 성향 진단


오파스넷의 투자 스타일은 모호한 측면이 있으나 성장주라고 볼 수 있다. 주가 고평가 우려가 공존하지만 높은 성장성이 기대되는 기업이다.
주가 모멘텀은 좋은 편에 속했다. 최근 6개월 수익률은 40%의 상승폭을 기록했다. 최근 1개월 수익률 또한 14.03% 상승하며 좋은 모멘텀을 보이고 있다.
오파스넷 종목에 대한 투자자의 관심도는 높은 편에 속한다.

[투자 점수 진단]


[그림 3] 투자 점수 진단


오파스넷은 어느 측면에서 투자 매력도가 높은 종목일까?

AI 인공지능 종목 분석 시스템을 이용해 성장성, 수익성, 효율성, 안전성, 저평가성, 추세 등 주가 수익률에 영향을 줄 수 있는 6가지 핵심 투자 지표를 점수화하여 종목의 투자 매력도를 계산해보았다.
그 결과 오파스넷은 상대적으로 추세지표 측면에서 두각을 드러내고 있었다.

추세 점수는 주가의 상승 모멘텀이 어느정도 인가를 나타낸다.

오파스넷은 특히 12개월전대비수익률 측면에서 가장 높은 점수는 기록했는데, 전체 시장 내 206위를 기록하며 상위 10.35%에 위치했다. 업종별로는 72위를 기록하며 상위 12.24%에 위치했다.

그러나 기업의 이익 실현 정도를 나타내는 수익성 측면에서는 아쉬움을 나타냈다.

(위의 AI인공지능 점수는 재무 데이터를 기반으로 전체 상장 종목과 비교/분석하여 도출한 점수로 높은 점수가 반드시 높은 수익률을 보장하지 않습니다. 위의 자료는 당사의 추천 종목이 아니며, 투자 시 참고용으로 제시해드리는 것입니다. 핵심투자지표를 결합해 종목의 투자매력도를 종합 계산한 ""인공지능 투자점수""는 ""거장들의 투자공식"" 앱에서 확인하실 수 있습니다.)

라이온봇 기자 -한국경제TV

※ 본 기사는 한국경제TV와 '거장들의 투자공식이'
자체 개발한 '라이온봇 기자'가 실시간으로 작성한 기사입니다.

라이온봇기자

▶ 네이버 홈에서 [한국경제TV] 채널 구독하기 [생방송보기]
▶ 대한민국 재테크 총집결! - [증권 / 주식상담 / 부동산]

ⓒ 한국경제TV, 무단 전재 및 재배포 금지"
오파스넷,한국경제TV,2019.04.17. 오전 10:48,"오파스넷, 전일 대비 약 3% 상승한 12,850원","[한국경제TV 라이온봇 기자]


[그림 1] 최근 3개월 간 주가 추세 및 기간별 수익률


오파스넷은 4월 17일 10시 48분 전일 대비 약 3% 상승한 12,850원에 거래되고 있다. 오파스넷은 코스닥 상장 기업으로 소프트웨어 업종에 속해 있다. 시가총액은 501억원으로 코스닥 상장기업 중 1,056위에 위치 해 있다.

[종목 성향 진단]


[그림 2] 종목 성향 진단


오파스넷의 투자 스타일은 성장주에 가깝다. 주가 고평가 우려가 공존하지만 높은 성장성이 기대되는 기업이다.
주가 모멘텀은 좋은 편에 속했다. 최근 6개월 수익률은 34.74%의 상승폭을 기록했다. 최근 1개월 수익률 또한 13.18% 상승하며 좋은 모멘텀을 보이고 있다.
오파스넷 종목에 대한 투자자의 관심도는 평범한 수준이었다.

[투자 점수 진단]


[그림 3] 투자 점수 진단


오파스넷은 어느 측면에서 투자 매력도가 높은 종목일까?

AI 인공지능 종목 분석 시스템을 이용해 성장성, 수익성, 효율성, 안전성, 저평가성, 추세 등 주가 수익률에 영향을 줄 수 있는 6가지 핵심 투자 지표를 점수화하여 종목의 투자 매력도를 계산해보았다.
그 결과 오파스넷은 상대적으로 재무안정성 측면에서 두각을 드러내고 있었다.

재무안정성 점수는 기업의 재무 구조가 얼마나 안정적인 상태인지를 나타낸다.

오파스넷은 특히 당좌비율 측면에서 가장 높은 점수는 기록했는데, 전체 시장 내 441위를 기록하며 상위 22.19%에 위치했다. 업종별로는 170위를 기록하며 상위 28.12%에 위치했다.

그러나 기업의 이익 실현 정도를 나타내는 수익성 측면에서는 아쉬움을 나타냈다.

(위의 AI인공지능 점수는 재무 데이터를 기반으로 전체 상장 종목과 비교/분석하여 도출한 점수로 높은 점수가 반드시 높은 수익률을 보장하지 않습니다. 위의 자료는 당사의 추천 종목이 아니며, 투자 시 참고용으로 제시해드리는 것입니다. 핵심투자지표를 결합해 종목의 투자매력도를 종합 계산한 ""인공지능 투자점수""는 ""거장들의 투자공식"" 앱에서 확인하실 수 있습니다.)

라이온봇 기자 -한국경제TV

※ 본 기사는 한국경제TV와 '거장들의 투자공식이'
자체 개발한 '라이온봇 기자'가 실시간으로 작성한 기사입니다.

라이온봇기자

▶ 네이버 홈에서 [한국경제TV] 채널 구독하기 [생방송보기]
▶ 대한민국 재테크 총집결! - [증권 / 주식상담 / 부동산]

ⓒ 한국경제TV, 무단 전재 및 재배포 금지"
오파스넷,한국경제TV,2019.04.18. 오전 11:52,"오파스넷, 전일 대비 약 4% 하락한 11,850원","[한국경제TV 라이온봇 기자]


[그림 1] 최근 3개월 간 주가 추세 및 기간별 수익률


오파스넷은 4월 18일 11시 51분 전일 대비 약 4% 하락한 11,850원에 거래되고 있다. 오파스넷은 코스닥 상장 기업으로 소프트웨어 업종에 속해 있다. 시가총액은 497억원으로 코스닥 상장기업 중 1,066위에 위치 해 있다.

[종목 성향 진단]


[그림 2] 종목 성향 진단


오파스넷의 투자 스타일은 모호한 측면이 있으나 성장주라고 볼 수 있다. 주가 고평가 우려가 공존하지만 높은 성장성이 기대되는 기업이다.
주가 모멘텀은 좋은 편에 속했다. 최근 6개월 수익률은 30.14%의 상승폭을 기록했다. 최근 1개월 수익률 또한 12.27% 상승하며 좋은 모멘텀을 보이고 있다.
오파스넷 종목에 대한 투자자의 관심도는 높은 편에 속한다.

[투자 점수 진단]


[그림 3] 투자 점수 진단


오파스넷은 어느 측면에서 투자 매력도가 높은 종목일까?

AI 인공지능 종목 분석 시스템을 이용해 성장성, 수익성, 효율성, 안전성, 저평가성, 추세 등 주가 수익률에 영향을 줄 수 있는 6가지 핵심 투자 지표를 점수화하여 종목의 투자 매력도를 계산해보았다.
그 결과 오파스넷은 상대적으로 재무안정성 측면에서 두각을 드러내고 있었다.

재무안정성 점수는 기업의 재무 구조가 얼마나 안정적인 상태인지를 나타낸다.

오파스넷은 특히 당좌비율 측면에서 가장 높은 점수는 기록했는데, 전체 시장 내 440위를 기록하며 상위 22.15%에 위치했다. 업종별로는 170위를 기록하며 상위 28.12%에 위치했다.

그러나 기업의 이익 실현 정도를 나타내는 수익성 측면에서는 아쉬움을 나타냈다.

(위의 AI인공지능 점수는 재무 데이터를 기반으로 전체 상장 종목과 비교/분석하여 도출한 점수로 높은 점수가 반드시 높은 수익률을 보장하지 않습니다. 위의 자료는 당사의 추천 종목이 아니며, 투자 시 참고용으로 제시해드리는 것입니다. 핵심투자지표를 결합해 종목의 투자매력도를 종합 계산한 ""인공지능 투자점수""는 ""거장들의 투자공식"" 앱에서 확인하실 수 있습니다.)

라이온봇 기자 -한국경제TV

※ 본 기사는 한국경제TV와 '거장들의 투자공식이'
자체 개발한 '라이온봇 기자'가 실시간으로 작성한 기사입니다.

라이온봇기자

▶ 네이버 홈에서 [한국경제TV] 채널 구독하기 [생방송보기]
▶ 대한민국 재테크 총집결! - [증권 / 주식상담 / 부동산]

ⓒ 한국경제TV, 무단 전재 및 재배포 금지"
오파스넷,한국경제TV,2019.04.25. 오전 11:58,"오파스넷, 전일 대비 약 5% 하락한 10,400원","[한국경제TV 라이온봇 기자]


[그림 1] 최근 3개월 간 주가 추세 및 기간별 수익률


오파스넷은 4월 25일 11시 57분 전일 대비 약 5% 하락한 10,400원에 거래되고 있다. 오파스넷은 코스닥 상장 기업으로 소프트웨어 업종에 속해 있다. 시가총액은 440억원으로 코스닥 상장기업 중 1,127위에 위치 해 있다.

[종목 성향 진단]


[그림 2] 종목 성향 진단


오파스넷의 투자 스타일은 모호한 측면이 있으나 가치주라고 볼 수 있다. 기업 가치 대비 낮은 주가가 매력적인 기업이다.
주가 모멘텀은 부진한 편이었다. 최근 3개월 수익률은 -7.98%의 하락폭을 기록했다. 최근 1개월 수익률 또한 -1.35% 하락하며 부진한 모멘텀을 이어가고 있다.
오파스넷 종목에 대한 투자자의 관심도는 평범한 수준이었다.

[투자 점수 진단]


[그림 3] 투자 점수 진단


오파스넷은 어느 측면에서 투자 매력도가 높은 종목일까?

AI 인공지능 종목 분석 시스템을 이용해 성장성, 수익성, 효율성, 안전성, 저평가성, 추세 등 주가 수익률에 영향을 줄 수 있는 6가지 핵심 투자 지표를 점수화하여 종목의 투자 매력도를 계산해보았다.
그 결과 오파스넷은 상대적으로 재무안정성 측면에서 두각을 드러내고 있었다.

재무안정성 점수는 기업의 재무 구조가 얼마나 안정적인 상태인지를 나타낸다.

오파스넷은 특히 당좌비율 측면에서 가장 높은 점수는 기록했는데, 전체 시장 내 440위를 기록하며 상위 22.15%에 위치했다. 업종별로는 170위를 기록하며 상위 28.12%에 위치했다.

그러나 기업의 이익 실현 정도를 나타내는 수익성 측면에서는 아쉬움을 나타냈다.

(위의 AI인공지능 점수는 재무 데이터를 기반으로 전체 상장 종목과 비교/분석하여 도출한 점수로 높은 점수가 반드시 높은 수익률을 보장하지 않습니다. 위의 자료는 당사의 추천 종목이 아니며, 투자 시 참고용으로 제시해드리는 것입니다. 핵심투자지표를 결합해 종목의 투자매력도를 종합 계산한 ""인공지능 투자점수""는 ""거장들의 투자공식"" 앱에서 확인하실 수 있습니다.)

라이온봇 기자 -한국경제TV

※ 본 기사는 한국경제TV와 '거장들의 투자공식이'
자체 개발한 '라이온봇 기자'가 실시간으로 작성한 기사입니다.

라이온봇기자

▶ 네이버 홈에서 [한국경제TV] 채널 구독하기 [생방송보기]
▶ 대한민국 재테크 총집결! - [증권 / 주식상담 / 부동산]

ⓒ 한국경제TV, 무단 전재 및 재배포 금지"
오파스넷,한국경제TV,2019.04.29. 오전 10:56,"오파스넷, 전일 대비 약 4% 상승한 9,810원","[한국경제TV 라이온봇 기자]


[그림 1] 최근 3개월 간 주가 추세 및 기간별 수익률


오파스넷은 4월 29일 10시 55분 전일 대비 약 4% 상승한 9,810원에 거래되고 있다. 오파스넷은 코스닥 상장 기업으로 소프트웨어 업종에 속해 있다. 시가총액은 380억원으로 코스닥 상장기업 중 1,167위에 위치 해 있다.

[종목 성향 진단]


[그림 2] 종목 성향 진단


오파스넷의 투자 스타일은 모호한 측면이 있으나 가치주라고 볼 수 있다. 기업 가치 대비 낮은 주가가 매력적인 기업이다.
주가 모멘텀은 부진한 편이었다. 최근 3개월 수익률은 -25.08%의 하락폭을 기록했다. 최근 1개월 수익률 또한 -14.96% 하락하며 부진한 모멘텀을 이어가고 있다.
오파스넷 종목에 대한 투자자의 관심도는 평범한 수준이었다.

[투자 점수 진단]


[그림 3] 투자 점수 진단


오파스넷은 어느 측면에서 투자 매력도가 높은 종목일까?

AI 인공지능 종목 분석 시스템을 이용해 성장성, 수익성, 효율성, 안전성, 저평가성, 추세 등 주가 수익률에 영향을 줄 수 있는 6가지 핵심 투자 지표를 점수화하여 종목의 투자 매력도를 계산해보았다.
그 결과 오파스넷은 상대적으로 재무안정성 측면에서 두각을 드러내고 있었다.

재무안정성 점수는 기업의 재무 구조가 얼마나 안정적인 상태인지를 나타낸다.

오파스넷은 특히 당좌비율 측면에서 가장 높은 점수는 기록했는데, 전체 시장 내 440위를 기록하며 상위 22.15%에 위치했다. 업종별로는 170위를 기록하며 상위 28.12%에 위치했다.

그러나 기업의 이익 실현 정도를 나타내는 수익성 측면에서는 아쉬움을 나타냈다.

(위의 AI인공지능 점수는 재무 데이터를 기반으로 전체 상장 종목과 비교/분석하여 도출한 점수로 높은 점수가 반드시 높은 수익률을 보장하지 않습니다. 위의 자료는 당사의 추천 종목이 아니며, 투자 시 참고용으로 제시해드리는 것입니다. 핵심투자지표를 결합해 종목의 투자매력도를 종합 계산한 ""인공지능 투자점수""는 ""거장들의 투자공식"" 앱에서 확인하실 수 있습니다.)

라이온봇 기자 -한국경제TV

※ 본 기사는 한국경제TV와 '거장들의 투자공식이'
자체 개발한 '라이온봇 기자'가 실시간으로 작성한 기사입니다.

라이온봇기자

▶ 네이버 홈에서 [한국경제TV] 채널 구독하기 [생방송보기]
▶ 대한민국 재테크 총집결! - [증권 / 주식상담 / 부동산]

ⓒ 한국경제TV, 무단 전재 및 재배포 금지"
오파스넷,국민일보,2019.04.29. 오후 2:29,오파스넷 SK텔레콤주식회사와 52억원 계약체결,"오파스넷은 SK텔레콤주식회사와 52억원 규모의 계약을 체결했다고 29일에 공시했다.

이번 계약은 19년 1차 CISCO 5G IP Backhaul이고 계약기간은 2019년 04월 29일부터 2019년 05월 24일까지이다.

계약규모는 52억원으로 최근 매출액인 790억원 대비 6.60% 수준이다.

한편, 오파스넷의 14시 26분 현재주가는 10,400원으로 직전 거래일 대비 960원(+10.17%) 상승이며, 거래량은 95,809주이다.


공시 전문으로 이동

스톡봇 기자

※ 이 기사는 국민일보와 엠로보가 개발한 증권뉴스 전용 인공지능 로봇 ‘스톡봇’이 금융감독원 전자공시시스템(DART)과 한국거래소(KRX) 데이터를 토대로 작성한 것입니다. 지속적인 업그레이드를 통해 더욱 풍부하고 정확한 내용을 담아 가겠습니다.

[네이버 메인에서 채널 구독하기]
[취향저격 뉴스는 여기] [의뢰하세요 취재대행소 왱]

GoodNews paper ⓒ 국민일보(www.kmib.co.kr), 무단전재 및 재배포금지"
오파스넷,전자신문,2019.04.29. 오후 2:29,"[ET투자뉴스]오파스넷(173130) 수주ㆍ공급계약 - ""SK텔레콤주식회사과 ..","오파스넷(173130)은 19년 1차 CISCO 5G IP Backhaul에 관한 단일판매ㆍ공급계약체결(자율공시)를 29일에 공시했다. 해당공시의 주요내용은 다음과 같다.

-. 계약명 : 19년 1차 CISCO 5G IP Backhaul
-. 계약상대방 : SK텔레콤주식회사
-. 판매 및 공급지역 : 대한민국
-. 계약금액 : 52.2억원
-. 회사의 최근매출액 : 790.8억원
-. 매출액 대비 비중(%) : 6.6%
-. 계약기간 : 2019년 4월29일 ~ 2019년 5월24일(계약기간 총 25일)
-. 계약(수주)일자 : 2019년 4월 29일

증시분석 전문기자 로봇 ET etbot@etnews.com
전자신문과 금융AI전문기업 씽크풀의 증시분석 전문기자 로봇 ET가 쓴 기사입니다

▶ 네이버 모바일에서 [전자신문] 채널 구독하기
▶ 전자신문 바로가기
[Copyright ⓒ 전자신문 & 전자신문인터넷, 무단전재 및 재배포 금지]"
오파스넷,한국경제,2019.04.29. 오후 2:32,오파스넷 수주공시 - 19년 1차 CISCO 5G IP Backhaul 52.2억원 (매출액대비 6.60%),"04월 29일 오파스넷(173130)은 수주공시를 발표했다.

◆오파스넷 수주공시 개요
- 19년 1차 CISCO 5G IP Backhaul 52.2억원 (매출액대비 6.60%)

오파스넷(173130)은 19년 1차 CISCO 5G IP Backhaul에 관한 단일판매ㆍ공급계약체결(자율공시)을 29일에 공시했다.
계약 상대방은 SK텔레콤주식회사이고, 계약금액은 52.2억원 규모로 최근 오파스넷 매출액 790.8억원 대비 약 6.60% 수준이다. 이번 계약의 기간은 2019년 04월 29일 부터 2019년 05월 24일까지로 약 0개월이다.
한편 이번 계약수주는 2019년 04월 29일에 체결된 것으로 보고되었다.

차트


수주 공시는 향후 기업의 실적에 직접적인 영향을 미치기 때문에 계약의 규모, 계약 기간 등에 대해서 주의 깊게 살펴볼 필요가 있다. 특히 수주 공시가 늘어나는데 주가는 움직이지 않는다면 매수 관점에서 접근해 볼 수도 있다.

한경로보뉴스

이 기사는 한국경제신문과 금융 AI 전문기업 씽크풀이 공동 개발한 기사 자동생성 알고리즘에 의해 실시간으로 작성된 것입니다.



[한경닷컴 바로가기] [모바일한경 구독신청]
네이버에서 한국경제 채널 구독하기 <자세히 보기>
ⓒ 한국경제 & hankyung.com, 무단전재 및 재배포 금지"
오파스넷,아시아경제,2019.04.29. 오후 2:38,"오파스넷, SK텔레콤과 52억원 규모 판매계약 체결","[아시아경제 금보령 기자] 오파스넷은 SK텔레콤주식회사와 52억1889만원 규모의 '2019년 1차 CISCO 5G IP Backhaul' 판매·공급계약을 체결했다고 29일 공시했다.

계약금액은 지난해 말 기준 개별 매출액의 6.6% 규모다. 계약기간은 이날부터 다음 달 24일까지다.

금보령 기자 gold@asiae.co.kr

▶ 네이버 메인에 '아시아경제' 채널 추가하기
▶ 재미와 신기 '과학을읽다' ▶ 자산관리최고위과정 모집

<ⓒ경제를 보는 눈, 세계를 보는 창 아시아경제 무단전재 배포금지>"
오파스넷,한국경제,2019.04.29. 오후 2:39,"오파스넷, SK텔레콤과 52억원 규모 공급계약","[ 고은빛 기자 ] 오파스넷은 SK텔레콤과 52억1889만원 규모 1차 CISCO 5G IP 백홀(Backhaul) 공급계약을 체결했다고 29일 공시했다.

이번 계약금액은 지난해 개별 기준 매출액의 6.60%에 해당한다. 계약기간은 5월24일까지다.

고은빛 한경닷컴 기자 silverlight@hankyung.com



[한경닷컴 바로가기] [모바일한경 구독신청]
네이버에서 한국경제 채널 구독하기 <자세히 보기>
ⓒ 한국경제 & hankyung.com, 무단전재 및 재배포 금지"
오파스넷,서울경제,2019.04.29. 오후 2:43,오파스넷 “SKT와 52억원 규모 장비 공급 계약”,"[서울경제] 오파스넷(173130)이 SK텔레콤(017670)과 52억원 규모의 ‘2019년 1차 CISCO 5G IP Backhaul’ 공급계약을 맺었다고 29일 공시했다. 계약금액은 지난해 개별 기준 매출액 대비 6.60% 수준이며 계약기간은 5월 24일까지다.

/이완기기자 kingear@sedaily.com

[서울경제 바로가기]
▶ 텔레그램으로 서울경제 구독하기 | ▶ 네이버TV로 서울경제썸 구독하기
▶ 네이버 메인에서 'No. 1 뉴스' 서울경제를 만나보세요


저작권자 ⓒ 서울경제, 무단 전재 및 재배포 금지"
오파스넷,헤럴드경제,2019.04.29. 오후 2:49,"오파스넷, SK텔레콤과 52억 규모 장비 공급계약","[헤럴드경제=IB증권팀] 오파스넷은 SK텔레콤과 ‘19년 1차 CISCO 5G IP Backhaul’ 공급계약을 체결했다고 29일 공시했다.

계약금액은 52억1889만원이며 이는 2018년 매출 대비 6.6%에 해당하는 규모이다.

계약기간은 오는 5월 24일까지다.

totoro@heraldcorp.com

▶헤럴드경제 채널 구독하면 신세계상품권 100만원 행운이

▶미리준비하는 감사선물 최대70%할인, 헤럴드 리얼라이프 ▶헤럴드경제 사이트 바로가기



- Copyrights ⓒ 헤럴드경제 & heraldbiz.com, 무단 전재 및 재배포 금지 -"
오파스넷,머니투데이,2019.04.29. 오후 2:53,"오파스넷, SK텔레콤과 52억원 규모 공급 계약","[머니투데이 한지연 기자] 오파스넷은 SK텔레콤과 52억1889만원 규모의 '19년 1차 CISCO 5G IP Backhaul' 공급계약을 체결했다고 29일 공시했다.

계약금액은 최근 매출 대비 6.6%에 해당하는 규모이며, 계약기간은 오는 5월 24일까지다.

한지연 기자 vividhan@mt.co.kr

▶진주 아파트 방화·살인범은 왜?
▶조 변호사의 가정상담소 ▶2019 키플랫폼

<저작권자 ⓒ '돈이 보이는 리얼타임 뉴스' 머니투데이, 무단전재 및 재배포 금지>"
오파스넷,이데일리,2019.04.29. 오후 3:03,"오파스넷, SK텔레콤과 52억 규모 공급계약 체결","[이데일리 이명철 기자] 오파스넷(173130)은 SK텔레콤과 52억1889만원 규모의 올해 1차 CISCO 5G IP 블랙홀 공급계약을 체결했다고 29일 공시했다. 계약금액은 작년 개별 매출액의 6.6% 규모다. 계약기간은 이날부터 내달 24일까지다.

이명철 (twomc@edaily.co.kr)

인스타 친추하면 연극표 쏩니다! [티켓받기▶]
꿀잼가득 [영상보기▶] , 청춘뉘우스~ [스냅타임▶]


＜ⓒ종합 경제정보 미디어 이데일리 - 무단전재 & 재배포 금지＞"
오파스넷,뉴시스,2019.04.29. 오후 4:40,"[공시]오파스넷, 52억 규모 백홀 계약","【서울=뉴시스】하종민 기자 = 코스닥 상장사 오파스넷(173130)은 SK텔레콤과 52억원 규모의 2019년 1차 CISCO 5G IP 백홀(Backhaul) 계약을 체결했다고 29일 공시했다. 계약금액은 지난해 개별기준 매출액의 6.6% 수준이며 계약기간은 오는 5월 24일까지다.

hahaha@newsis.com

▶ 네이버에서 뉴시스 채널 구독하기

▶ 뉴시스 빅데이터 MSI 주가시세표 바로가기

<저작권자ⓒ 공감언론 뉴시스통신사. 무단전재-재배포 금지.>"
오파스넷,전자신문,2019.04.30. 오전 9:40,"오파스넷, 2019년도 5G 사업 본격 확대 수주","IT 솔루션 전문업체인 오파스넷(대표 장수현)은 국내 최대 이동통신 회사인 SK텔레콤과 5G 관련 솔루션의 2019년도 확대 추가 공급계약을 맺고 전국망 모바일 백홀 구축에 필요한 Cisco 100G 라우터 장비 등을 계속 공급하기로 했다고 30일 밝혔다.
 
이번 계약은 2019년도 1차 5G 네트워크 공급건으로 52억원 규모로 체결되었으며 계약기간은 4월 29일부터 5월 24일까지이다. 오파스넷은 이미 지난 연말에 초도 물량을 공급하는 등 SK 텔레콤의 5G 네트워크 구축을 본격 지원하고 있다.
 
이번에 오파스넷이 추가로 공급하는 5G 장비는 미국 Cisco Systems(NASDAQ: CSCO) 사의 NCS 고성능 100G급 제품으로 지난 1차 때보다 공급 규모 면에서 대폭 늘어난 것이지만 5G 구축의 완료단계까지 고려하면 신규물량이 향후 수년간 지속적으로 대량 공급되어야 할 것으로 예상된다.
 
공급물량의 내용을 살펴보면 5G 상용화에 따른 대용량 트래픽의 초고속, 저지연, 대량연결 처리가 모두 가능하도록 하는 대용량 라우터 시스템이 집중 공급된다. 5G가 상용화되고 고객이 늘어나면 관련 트래픽이 급증하며 이는 자연스럽게 통신사의 백홀구간(backhaul) 및 백본구간(backbone)의 장비수요로 이어지게 된다.
 
업계에서는 5G 서비스가 완전한 궤도에 오르면 사물인터넷을 구체적으로 실현할 기술적 토대를 제공하여 전체 500억 개 이상의 디바이스가 연결될 것으로 예측하고 있으며 이로 인해 4차산업혁명을 위한 필수 인프라가 갖춰질 것으로 보고 있다.
 
이러한 5G 인프라가 전국망 서비스로 확대되면 앞으로 전 사업분야, 특히 자율주행차, 가상/증강현실(VR/AR)과 스마트홈 시스템 구축 등 다양한 분야에서 비약적인 발전을 가져올 것으로 기대된다.
 
장수현 대표는 “이번 5G 고성능 네트워크 장비 추가 공급건과 함께 연초부터 현대백화점그룹, 포스코 등과 관련한 대형 사업 수주가 이어지고 있어 연초 목표로 세웠던 2019년도 기준 매출 1000억원을 무난히 넘길 것으로 예상된다. 이에 영업이익률 등 일부 사업목표를 상향 조정하고 있다”고 밝혔다.
 
이어 “매출 1,000억원과 같은 양적 성장에 더하여 이번 5G 수주에서도 빛난 핵심 기술에 대한 과감한 선제적 투자를 통해 IT솔루션 전문업체로서의 위상을 확고히 하고 재정적으로도 더욱 견실한 사업구조를 구축해나갈 것”이라고 강조했다.
 
전자신문인터넷 김은희 기자 (keh@etnews.com)
▶ 네이버 모바일에서 [전자신문] 채널 구독하기
▶ 전자신문 바로가기
[Copyright ⓒ 전자신문 & 전자신문인터넷, 무단전재 및 재배포 금지]"
오파스넷,전자신문,2019.05.02. 오후 4:16,"[ET투자뉴스]오파스넷(173130) 수주ㆍ공급계약 - ""SK텔레콤주식회사과 ..","오파스넷(173130)은 19년 1차 CISCO 5G IP Backhaul에 관한 [기재정정]단일판매ㆍ공급계약체결(자율공시)를 2일에 공시했다. 해당공시의 주요내용은 다음과 같다.

-. 계약명 : 19년 1차 CISCO 5G IP Backhaul
-. 계약상대방 : SK텔레콤주식회사
-. 판매 및 공급지역 : 대한민국
-. 계약금액 : 65.9억원
-. 회사의 최근매출액 : 790.8억원
-. 매출액 대비 비중(%) : 8.33%
-. 계약기간 : 2019년 4월29일 ~ 2019년 5월24일(계약기간 총 25일)
-. 계약(수주)일자 : 2019년 4월 29일

증시분석 전문기자 로봇 ET etbot@etnews.com
전자신문과 금융AI전문기업 씽크풀의 증시분석 전문기자 로봇 ET가 쓴 기사입니다

▶ 네이버 모바일에서 [전자신문] 채널 구독하기
▶ 전자신문 바로가기
[Copyright ⓒ 전자신문 & 전자신문인터넷, 무단전재 및 재배포 금지]"
오파스넷,서울경제,2019.05.07. 오후 4:41,오파스넷 “사외이사 결격사유로 중도퇴임”,"[서울경제] 코스닥 상장사 오파스넷(173130)이 조현재 사외이사가 중도퇴임했다고 7일 공시했다. 회사 측은 “해당 상장회사 외의 2개 이상의 다른 회사의 이사, 집행임원, 감사로 재임 중인 결격사유가 발생했다”고 밝혔다.

/이완기기자 kingear@sedaily.com

[서울경제 바로가기]
▶ 텔레그램으로 서울경제 구독하기 | ▶ 네이버TV로 서울경제썸 구독하기
▶ 네이버 메인에서 'No. 1 뉴스' 서울경제를 만나보세요


저작권자 ⓒ 서울경제, 무단 전재 및 재배포 금지"
오파스넷,매일경제,2019.05.08. 오전 9:27,"오파스넷, SL공사에 35억원 규모 사업 수주","IT 솔루션 전문기업 오파스넷은 인천지방조달청에서 주최한 수도권매립지관리공사(이하 SL공사) 통합유지관리용역 사업을 공개 입찰로 수주했다고 8일 밝혔다. 오는 2021년 3월까지 2년 간 수행하게 되며, 수주금액은 35억원이다.

지난 2000년 설립된 환경부 산하 SL공사는 수도권에서 발생하는 폐기물의 원활한 처리·자원화 촉진, 국내 자치단체 폐기물 정책 자문, 폐기물 매립·자원화 관련 기술개발과 기술수출을 진행하는 공기업이다.

오파스넷은 SL공사 정보시스템의 안정적인 운영에 필요한 서비스를 제공할 예정이다. 정보시스템을 주기적으로 점검하고 시스템 장애가 발생할 경우 응급조치를 실시하고 정상복구를 수행한다.

오파스넷 관계자는 ""국내 SI사업의 '바로미터'로 손꼽히는 공기업의 사업 수주는 경영실적과 레퍼런스, 사업다각화 부문에서 긍정적 시그널""이라며 ""국내 최대 쓰레기 매립지 관련 정보시스템 유지관리 업무 수행은 SI사업의 운영 노하우와 서비스 품질 향상으로 이어질 전망""이라고 말했다.

[디지털뉴스국 김현정 기자]

▶네이버 메인에서 '매일경제'를 받아보세요
▶뉴스레터 '매콤달콤' 구독 ▶무궁무진한 프리미엄 읽을거리
[ⓒ 매일경제 & mk.co.kr, 무단전재 및 재배포 금지]"
오파스넷,이데일리,2019.05.08. 오전 9:46,"오파스넷, 35억 규모 SL공사 NI사업 수주","[이데일리 김대웅 기자] IT 솔루션 전문기업 오파스넷(173130)이 NI(네트워크 통합)사업에 이어 SI(시스템 통합)사업도 원활하게 운영되면서 기업 안정성과 성장성 확보에 청신호를 밝혔다.

오파스넷은 인천지방조달청에서 주최한 수도권매립지관리공사(SL공사) 통합유지관리용역 사업을 공개 입찰로 수주했다고 8일 밝혔다. 지난달부터 2021년 3월까지 2년간 수행될 예정이며, 총 수주금액은 35억원 규모다.

2000년 설립된 환경부 산하 SL공사는 △수도권에서 발생하는 폐기물의 원활한 처리·자원화를 촉진, △국내 자치단체 폐기물 정책 자문, △폐기물 매립 및 자원화 관련 기술개발과 기술수출을 진행하는 공기업이다.

오파스넷은 SL공사에 △정보시스템 정상가동·안정적 운영과 △시스템 장애 발생 시 신속한 응급조치와 정상복구 수행, △정보시스템의 주기적인 유지관리 수행으로 장애 사전예방과 상시 대응체계 확보 등 시스템의 효율적 관리 및 안정적 운영에 필요한 전방위 서비스를 제공할 예정이다.

다년간 성공사례를 기반으로 한 오파스넷은 유지관리 대상의 체계적인 운영과 관리 효율성을 제고한다. 또한 유지관리용역 개선 및 품질향상을 위한 서비스수준협약(SLA) 측정 및 준수와 정보시스템의 365일 24시간 안정적인 무중단 운영을 수행할 예정이다.

오파스넷 관계자는 “국내 SI사업의 ‘바로미터’로 손꼽히는 공기업의 사업 수주는 경영실적과 레퍼런스, 사업다각화 부문에서 긍정적 시그널이다”며 “국내 최대 쓰래기 매립지 관련 정보시스템 유지관리 업무 수행은 SI사업의 운영 노하우와 서비스 품질 향상으로 이어질 전망이다”라고 밝혔다.

한편, 오파스넷은 SI 사업의 수주 경쟁력을 높이기 위해 프로젝트 관리, ITIL(IT 서비스 관리), 산업보안관리 등 유관자격을 보유한 ITO 전문가 영입했으며, 다양한 국제표준 인증 추진으로 국제표준 기반의 업무 처리 프로세스를 적용할 계획이다.

김대웅 (daxiong@edaily.co.kr)

네이버 홈에서 ‘이데일리’ 뉴스 [구독하기▶]
꿀잼가득 [영상보기▶] , 청춘뉘우스~ [스냅타임▶]


＜ⓒ종합 경제정보 미디어 이데일리 - 무단전재 & 재배포 금지＞"
오파스넷,매일경제,2019.05.08. 오전 9:54,"`SI사업` 확대 오파스넷, SL공사에 35억원 사업 수주","오파스넷이 NI(네트워크 통합)사업에 이어 SI(시스템 통합)사업 확대에 나섰다.

오파스넷은 인천지방조달청에서 주최한 수도권매립지관리공사(이하 SL공사) 통합유지관리용역 사업을 수주했다고 8일 밝혔다. 기간은 이달부터 오는 2021년 3월까지로 계약규모는 총 수주금액은 35억원이다.

오파스넷은 SL공사에 ▲정보시스템 정상가동·안정적 운영과 ▲시스템 장애 발생 시 신속한 응급조치와 정상복구 수행 ▲정보시스템의 주기적인 유지관리 수행으로 장애 사전예방과 상시 대응체계 확보 등 시스템의 효율적 관리 및 안정적 운영에 필요한 전방위 서비스를 제공할 예정이다.

오파스넷 관계자는 ""이번 쓰래기 매립지 관련 정보시스템 유지관리 업무 수행 계약을 시작으로 국내 SI사업을 확대할 것""이라며 ""SI사업의 운영 노하우와 서비스 품질 향상으로 이어질 전망이다""라고 강조했다.

한편, 오파스넷은 SI 사업의 수주 경쟁력을 높이기 위해 프로젝트 관리, ITIL(IT 서비스 관리), 산업보안관리 등 유관자격을 보유한 ITO 전문가를 영입했으며, 다양한 국제표준 인증 추진으로 국제표준 기반의 업무 처리 프로세스를 적용할 계획이다.

[디지털뉴스국 김규리 기자]

▶네이버 메인에서 '매일경제'를 받아보세요
▶뉴스레터 '매콤달콤' 구독 ▶무궁무진한 프리미엄 읽을거리
[ⓒ 매일경제 & mk.co.kr, 무단전재 및 재배포 금지]"
오파스넷,한국경제,2019.05.15. 오전 10:11,"'오파스넷' 10% 이상 상승, 외국인 3일 연속 순매수(9,832주)","◆ 주체별 매매동향
- 외국인 3일 연속 순매수(9,832주)
지난 한달을 기준으로 보면 외국인이 1.2만주를 순매수했고, 기관도 2.2만주를 순매수했다. 반면 개인들은 4.2만주를 순매도한 것으로 나타났다. 같은 기간 개인의 거래비중이 94.2%로 가장 높아, 주요 거래 주체로 참여했음을 알 수 있다.
한편 외국인은 이 종목에 대해서 최근 3일 연속 9,832주 순매수를 하고 있다.

[그래프]오파스넷 외국인/기관 매매동향


한경로보뉴스

이 기사는 한국경제신문과 금융 AI 전문기업 씽크풀이 공동 개발한 기사 자동생성 알고리즘에 의해 실시간으로 작성된 것입니다.



▶ 네이버에서 한국경제 뉴스를 받아보세요
▶ 한경닷컴 바로가기 ▶ 모바일한경 구독신청

ⓒ 한국경제 & hankyung.com, 무단전재 및 재배포 금지"
오파스넷,아시아경제,2019.05.15. 오전 10:58,"[특징주]오파스넷, 신규 5G 수혜 '이제 시작'…최소 3년간 매출 3배 '강세'","[아시아경제 유현석 기자] 시스템통합(SI) 회사 오파스넷이 5G 시대 개막에 따른 수혜 기대감으로 강세다.

오파스넷은 15일 오전 10시58분 기준 전거래일 대비 1250원(12.25%) 오른 1만1450원에 거래됐다.

오파스넷은 시가총액은 500억원 미만 소형주다. 지난해 코넥스서 이전 상장할 당시 공모가 1만1000원이었다. 실적 개선 정도에 따라 주가가 탄력적으로 움직일 것이라는 기대와 함께 강세다.

5G 시대에는 고성능 네트워크 장비 수요가 늘면서 오파스넷 실적 개선 기대감도 커지고 있다. 오파스넷은 2004년 설립한 아이엔이티가 전신으로, 2008년 현재 사명으로 바꿨다. 주로 글로벌 기업 시스코의 제품을 활용해 기업 및 공공기관에 네트워크 설비, 설계, 유지보수 서비스를 제공한다. 주요 고객은 SK텔레콤, SK텔링크, SK플래닛 등이다.

오파스넷은 SK텔레콤 계열사 관련 매출 비중이 전체 25%에 달하기 때문에 5G 수혜를 직접적으로 누릴 수있다. 10년간 쌓아온 네트워크 기술력을 토대로 5G 시대에 늘어날 고성능 대형장비 수요에 대응하고 있다.

오파스넷은 지난달 말 SK텔레콤과 52억원 규모 2019년 1차 시스코 5G IP백홀 장비 공급계약을 맺었다. 오파스넷이 SK텔레콤에 해당 장비를 설치·운영하며 유지·보수까지 하는 내용을 담고 있다. 앞서 오파스넷은 지난해 12월에도 약 40억원 규모 5G 장비 공급계약을 체결했다. 오파스넷은 앞으로도 5G 수주가 이어질 것으로 보고 있다.

장수현 오파스넷 대표는 ""본격적인 5G 구축이 이제 시작됐다""며 ""올해 하반기와 내년, 내후년까지 짧게 잡아도 앞으로 3년간 5G 관련 매출은 기존 4G LTE보다 최소 3배 이상을 기대하고 있다""고 말했다.

유현석 기자 guspower@asiae.co.kr

▶ 네이버에서 아시아경제를 쉽게 만나보세요
▶ 경제 감각을 키우고 싶다면? ▶ 자산관리최고위과정 2기 커뮤니티

<ⓒ경제를 보는 눈, 세계를 보는 창 아시아경제 무단전재 배포금지>"
오파스넷,한국경제TV,2019.05.21. 오전 9:48,"오파스넷, 전일 대비 약 7% 상승한 12,750원","[한국경제TV 라이온봇 기자]


[그림 1] 최근 3개월 간 주가 추세 및 기간별 수익률


오파스넷은 5월 21일 9시 48분 전일 대비 약 7% 상승한 12,750원에 거래되고 있다. 오파스넷은 코스닥 상장 기업으로 소프트웨어 업종에 속해 있다. 시가총액은 481억원으로 코스닥 상장기업 중 1,061위에 위치 해 있다.

[종목 성향 진단]


[그림 2] 종목 성향 진단


오파스넷의 투자 스타일은 모호한 측면이 있으나 성장주라고 볼 수 있다. 주가 고평가 우려가 공존하지만 높은 성장성이 기대되는 기업이다.
주가 모멘텀은 평범한 수준이었다. 최근 1개월 수익률이 0%, 3개월 수익률은 -4.78%, 6개월 수익률은 31.17%를 기록했다.
오파스넷 종목에 대한 투자자의 관심도는 높은 편에 속한다.

[투자 점수 진단]


[그림 3] 투자 점수 진단


오파스넷은 어느 측면에서 투자 매력도가 높은 종목일까?

AI 인공지능 종목 분석 시스템을 이용해 성장성, 수익성, 효율성, 안전성, 저평가성, 추세 등 주가 수익률에 영향을 줄 수 있는 6가지 핵심 투자 지표를 점수화하여 종목의 투자 매력도를 계산해보았다.
그 결과 오파스넷은 상대적으로 추세지표 측면에서 두각을 드러내고 있었다.

추세 점수는 주가의 상승 모멘텀이 어느정도 인가를 나타낸다.

오파스넷은 특히 1주전대비수익률 측면에서 가장 높은 점수는 기록했는데, 전체 시장 내 84위를 기록하며 상위 4.03%에 위치했다. 업종별로는 29위를 기록하며 상위 4.63%에 위치했다.

그러나 기업의 이익 실현 정도를 나타내는 수익성 측면에서는 아쉬움을 나타냈다.

(위의 AI인공지능 점수는 재무 데이터를 기반으로 전체 상장 종목과 비교/분석하여 도출한 점수로 높은 점수가 반드시 높은 수익률을 보장하지 않습니다. 위의 자료는 당사의 추천 종목이 아니며, 투자 시 참고용으로 제시해드리는 것입니다. 핵심투자지표를 결합해 종목의 투자매력도를 종합 계산한 ""인공지능 투자점수""는 ""거장들의 투자공식"" 앱에서 확인하실 수 있습니다.)

라이온봇 기자 -한국경제TV

※ 본 기사는 한국경제TV와 '거장들의 투자공식이'
자체 개발한 '라이온봇 기자'가 실시간으로 작성한 기사입니다.

라이온봇기자

▶ 네이버 홈에서 [한국경제TV] 채널 구독하기 [생방송보기]
▶ 대한민국 재테크 총집결! - [증권 / 주식상담 / 부동산]

ⓒ 한국경제TV, 무단 전재 및 재배포 금지"
오파스넷,한국경제TV,2019.05.27. 오전 10:54,"오파스넷, 전일 대비 약 4% 상승한 12,300원","[한국경제TV 라이온봇 기자]


[그림 1] 최근 3개월 간 주가 추세 및 기간별 수익률


오파스넷은 5월 27일 10시 53분 전일 대비 약 4% 상승한 12,300원에 거래되고 있다. 오파스넷은 코스닥 상장 기업으로 소프트웨어 업종에 속해 있다. 시가총액은 467억원으로 코스닥 상장기업 중 1,064위에 위치 해 있다.

[종목 성향 진단]


[그림 2] 종목 성향 진단


오파스넷의 투자 스타일은 모호한 측면이 있으나 성장주라고 볼 수 있다. 주가 고평가 우려가 공존하지만 높은 성장성이 기대되는 기업이다.
주가 모멘텀은 평범한 수준이었다. 최근 1개월 수익률이 4.04%, 3개월 수익률은 0.87%, 6개월 수익률은 46.1%를 기록했다.
오파스넷 종목에 대한 투자자의 관심도는 높은 편에 속한다.

[투자 점수 진단]


[그림 3] 투자 점수 진단


오파스넷은 어느 측면에서 투자 매력도가 높은 종목일까?

AI 인공지능 종목 분석 시스템을 이용해 성장성, 수익성, 효율성, 안전성, 저평가성, 추세 등 주가 수익률에 영향을 줄 수 있는 6가지 핵심 투자 지표를 점수화하여 종목의 투자 매력도를 계산해보았다.
그 결과 오파스넷은 상대적으로 추세지표 측면에서 두각을 드러내고 있었다.

추세 점수는 주가의 상승 모멘텀이 어느정도 인가를 나타낸다.

오파스넷은 특히 장기추세 측면에서 가장 높은 점수는 기록했는데, 전체 시장 내 184위를 기록하며 상위 9.03%에 위치했다. 업종별로는 77위를 기록하며 상위 12.84%에 위치했다.

그러나 기업의 자산 활용도를 나타내는 효율성 측면에서는 아쉬움을 나타냈다.

(위의 AI인공지능 점수는 재무 데이터를 기반으로 전체 상장 종목과 비교/분석하여 도출한 점수로 높은 점수가 반드시 높은 수익률을 보장하지 않습니다. 위의 자료는 당사의 추천 종목이 아니며, 투자 시 참고용으로 제시해드리는 것입니다. 핵심투자지표를 결합해 종목의 투자매력도를 종합 계산한 ""인공지능 투자점수""는 ""거장들의 투자공식"" 앱에서 확인하실 수 있습니다.)

라이온봇 기자 -한국경제TV

※ 본 기사는 한국경제TV와 '거장들의 투자공식이'
자체 개발한 '라이온봇 기자'가 실시간으로 작성한 기사입니다.

라이온봇기자

▶ 네이버 홈에서 [한국경제TV] 채널 구독하기 [생방송보기]
▶ 대한민국 재테크 총집결! - [증권 / 주식상담 / 부동산]

ⓒ 한국경제TV, 무단 전재 및 재배포 금지"
오파스넷,국민일보,2019.06.04. 오후 5:00,오파스넷 SK텔레콤주식회사와 13억원 계약체결,"오파스넷은 SK텔레콤주식회사와 13억원 규모의 계약을 체결했다고 4일에 공시했다.

이번 계약은 19년 2차 CISCO 5G IP Backhaul이고 계약기간은 2019년 06월 04일부터 2019년 07월 11일까지이다.

계약규모는 13억원으로 최근 매출액인 790억원 대비 1.74% 수준이다.

한편, 오파스넷은 장 마감 이후 해당 기업공시를 발표했으며 오늘 종가가 12,400원, 거래량은 86,791주로, 직전 거래일 대비 변동이없다.


공시 전문으로 이동

스톡봇 기자

※ 이 기사는 국민일보와 엠로보가 개발한 증권뉴스 전용 인공지능 로봇 ‘스톡봇’이 금융감독원 전자공시시스템(DART)과 한국거래소(KRX) 데이터를 토대로 작성한 것입니다. 지속적인 업그레이드를 통해 더욱 풍부하고 정확한 내용을 담아 가겠습니다.

[국민일보 채널 구독하고 5000원 상품권 받기]
[취향저격 뉴스는 여기] [의뢰하세요 취재대행소 왱]

GoodNews paper ⓒ 국민일보(www.kmib.co.kr), 무단전재 및 재배포금지"
오파스넷,서울경제,2019.06.04. 오후 5:03,오파스넷 “SK텔레콤과 약 14억원 규모 공급 계약”,"[서울경제] 오파스넷(173130)이 SK텔레콤과 약 14억원 규모의 ‘2019년 2차 CISCO 5G IP Backhaul’ 공급 계약을 체결했다고 4일 공시했다. 이번 계약규모는 최근 매출액 대비 1.74%며, 계약기간은 올 7월 11일까지다.

/이완기기자 kingear@sedaily.com

[서울경제 바로가기]
▶ 텔레그램으로 서울경제 구독하기 | ▶ 네이버TV로 서울경제썸 구독하기
▶ 네이버 메인에서 'No. 1 뉴스' 서울경제를 만나보세요


저작권자 ⓒ 서울경제, 무단 전재 및 재배포 금지"
오파스넷,머니투데이,2019.06.04. 오후 5:09,"오파스넷, SK텔레콤과 14억 규모 공급계약","[머니투데이 이건희 기자] 오파스넷은 SK텔레콤과 13억7616만원 규모의 '2019년 2차 CISCO 5G IP Backhaul' 공급계약을 체결했다고 4일 공시했다.

이는 지난해 매출액 대비 1.74%에 달하는 규모다. 계약기간은 다음달 11일까지다.

이건희 기자 kunheelee@mt.co.kr

▶이코노미스트들의 투자칼럼
▶조 변호사의 가정상담소 ▶더 많은 기사 보러가기

<저작권자 ⓒ '돈이 보이는 리얼타임 뉴스' 머니투데이, 무단전재 및 재배포 금지>"
오파스넷,매일경제,2019.06.04. 오후 8:46,[코스닥 공시] 에치이엘비 / 뉴지랩 / 오파스넷 등,"◇에치이엘비=미국 자회사 2366억원 규모 유상증자 결정.

◇뉴지랩=메이요파트너스로 최대주주 변경.

◇오파스넷=SK텔에 14억원 규모 장비 공급 계약.

◇대한방직=주총 관련 경영권 분쟁 소송 제기.

◇민앤지=종속회사 세틀뱅크 378억원 규모 유상증자 결정.

▶네이버에서 '매일경제' 뉴스 구독하고 경품 받아가세요
▶뉴스레터 '매콤달콤' 구독 ▶무궁무진한 프리미엄 읽을거리
[ⓒ 매일경제 & mk.co.kr, 무단전재 및 재배포 금지]"
오파스넷,전자신문,2019.06.05. 오전 8:13,"[ET투자뉴스]오파스넷(173130) 수주ㆍ공급계약 - ""SK텔레콤주식회사과 ..","오파스넷(173130)은 19년 2차 CISCO 5G IP Backhaul에 관한 단일판매ㆍ공급계약체결(자율공시)를 4일에 공시했다. 해당공시의 주요내용은 다음과 같다.

-. 계약명 : 19년 2차 CISCO 5G IP Backhaul
-. 계약상대방 : SK텔레콤주식회사
-. 판매 및 공급지역 : 대한민국
-. 계약금액 : 13.8억원
-. 회사의 최근매출액 : 790.8억원
-. 매출액 대비 비중(%) : 1.74%
-. 계약기간 : 2019년 6월4일 ~ 2019년 7월11일(계약기간 총 37일)
-. 계약(수주)일자 : 2019년 06월 4일

증시분석 전문기자 로봇 ET etbot@etnews.com
전자신문과 금융AI전문기업 씽크풀의 증시분석 전문기자 로봇 ET가 쓴 기사입니다

▶ 네이버 모바일에서 [전자신문] 채널 구독하기

▶ 전자신문 바로가기

[Copyright ⓒ 전자신문 & 전자신문인터넷, 무단전재 및 재배포 금지]"
오파스넷,한국경제TV,2019.06.05. 오전 11:52,"오파스넷, 전일 대비 약 6% 상승한 13,150원","[한국경제TV 라이온봇 기자]


[그림 1] 최근 3개월 간 주가 추세 및 기간별 수익률


오파스넷은 6월 5일 11시 51분 전일 대비 약 6% 상승한 13,150원에 거래되고 있다. 오파스넷은 코스닥 상장 기업으로 소프트웨어 업종에 속해 있다. 시가총액은 499억원으로 코스닥 상장기업 중 1,022위에 위치 해 있다.

[종목 성향 진단]


[그림 2] 종목 성향 진단


오파스넷의 투자 스타일은 모호한 측면이 있으나 성장주라고 볼 수 있다. 주가 고평가 우려가 공존하지만 높은 성장성이 기대되는 기업이다.
주가 모멘텀은 평범한 수준이었다. 최근 1개월 수익률이 9.74%, 3개월 수익률은 10.22%, 6개월 수익률은 19.23%를 기록했다.
오파스넷 종목에 대한 투자자의 관심도는 평범한 수준이었다.

[투자 점수 진단]


[그림 3] 투자 점수 진단


오파스넷은 어느 측면에서 투자 매력도가 높은 종목일까?

AI 인공지능 종목 분석 시스템을 이용해 성장성, 수익성, 효율성, 안전성, 저평가성, 추세 등 주가 수익률에 영향을 줄 수 있는 6가지 핵심 투자 지표를 점수화하여 종목의 투자 매력도를 계산해보았다.
그 결과 오파스넷은 상대적으로 추세지표 측면에서 두각을 드러내고 있었다.

추세 점수는 주가의 상승 모멘텀이 어느정도 인가를 나타낸다.

오파스넷은 특히 단기추세 측면에서 가장 높은 점수는 기록했는데, 전체 시장 내 156위를 기록하며 상위 7.53%에 위치했다. 업종별로는 73위를 기록하며 상위 11.94%에 위치했다.

그러나 기업의 자산 활용도를 나타내는 효율성 측면에서는 아쉬움을 나타냈다.

(위의 AI인공지능 점수는 재무 데이터를 기반으로 전체 상장 종목과 비교/분석하여 도출한 점수로 높은 점수가 반드시 높은 수익률을 보장하지 않습니다. 위의 자료는 당사의 추천 종목이 아니며, 투자 시 참고용으로 제시해드리는 것입니다. 핵심투자지표를 결합해 종목의 투자매력도를 종합 계산한 ""인공지능 투자점수""는 ""거장들의 투자공식"" 앱에서 확인하실 수 있습니다.)

라이온봇 기자 -한국경제TV

※ 본 기사는 한국경제TV와 '거장들의 투자공식이'
자체 개발한 '라이온봇 기자'가 실시간으로 작성한 기사입니다.

라이온봇기자

▶ 네이버 홈에서 [한국경제TV] 채널 구독하기 [생방송보기]
▶ 대한민국 재테크 총집결! - [증권 / 주식상담 / 부동산]

ⓒ 한국경제TV, 무단 전재 및 재배포 금지"
오파스넷,한국경제,2019.06.10. 오전 9:45,"'오파스넷' 10% 이상 상승, 외국인 3일 연속 순매수(1.4만주)","◆ 주체별 매매동향
- 외국인 3일 연속 순매수(1.4만주)
지난 한달을 기준으로 보면 기관이 5,500주를 순매수했고, 개인들도 1,786주를 순매수했다. 반면 그동안 외국인은 4,020주를 순매도했다. 같은 기간 개인의 거래비중이 93.9%로 가장 높아, 주요 거래 주체로 참여했음을 알 수 있다.
한편 외국인은 이 종목에 대해서 최근 3일 연속 1.4만주 순매수를 하고 있다.

[그래프]오파스넷 외국인/기관 매매동향


한경로보뉴스

이 기사는 한국경제신문과 금융 AI 전문기업 씽크풀이 공동 개발한 기사 자동생성 알고리즘에 의해 실시간으로 작성된 것입니다.



▶ 네이버에서 '한국경제' 구독하고 비씨카드·한경레이디스컵 KLPGA 입장권 받자
▶ 한경닷컴 바로가기 ▶ 모바일한경 구독신청

ⓒ 한국경제 & hankyung.com, 무단전재 및 재배포 금지"
오파스넷,한국경제TV,2019.06.10. 오전 9:49,"오파스넷, 11% 급등... 전일 보다 1,450원 상승한 14,950원","[한국경제TV 라이온봇 기자]


[그림 1] 최근 3개월 간 주가 추세 및 기간별 수익률


오파스넷은 6월 10일 9시 48분 전일 대비 약 11% 급등한 14,950원에 거래되고 있다. 오파스넷은 코스닥 상장 기업으로 소프트웨어 업종에 속해 있다. 시가총액은 543억원으로 코스닥 상장기업 중 996위에 위치 해 있다.

[종목 성향 진단]


[그림 2] 종목 성향 진단


오파스넷의 투자 스타일은 성장주에 가깝다. 주가 고평가 우려가 공존하지만 높은 성장성이 기대되는 기업이다.
주가 모멘텀은 좋은 편에 속했다. 최근 6개월 수익률은 34.33%의 상승폭을 기록했다. 최근 1개월 수익률 또한 22.73% 상승하며 좋은 모멘텀을 보이고 있다.
오파스넷 종목에 대한 투자자의 관심도는 높은 편에 속한다.

[투자 점수 진단]


[그림 3] 투자 점수 진단


오파스넷은 어느 측면에서 투자 매력도가 높은 종목일까?

AI 인공지능 종목 분석 시스템을 이용해 성장성, 수익성, 효율성, 안전성, 저평가성, 추세 등 주가 수익률에 영향을 줄 수 있는 6가지 핵심 투자 지표를 점수화하여 종목의 투자 매력도를 계산해보았다.
그 결과 오파스넷은 상대적으로 추세지표 측면에서 두각을 드러내고 있었다.

추세 점수는 주가의 상승 모멘텀이 어느정도 인가를 나타낸다.

오파스넷은 특히 단기추세 측면에서 가장 높은 점수는 기록했는데, 전체 시장 내 89위를 기록하며 상위 4.27%에 위치했다. 업종별로는 52위를 기록하며 상위 8.44%에 위치했다.

그러나 기업의 자산 활용도를 나타내는 효율성 측면에서는 아쉬움을 나타냈다.

(위의 AI인공지능 점수는 재무 데이터를 기반으로 전체 상장 종목과 비교/분석하여 도출한 점수로 높은 점수가 반드시 높은 수익률을 보장하지 않습니다. 위의 자료는 당사의 추천 종목이 아니며, 투자 시 참고용으로 제시해드리는 것입니다. 핵심투자지표를 결합해 종목의 투자매력도를 종합 계산한 ""인공지능 투자점수""는 ""거장들의 투자공식"" 앱에서 확인하실 수 있습니다.)

라이온봇 기자 -한국경제TV

※ 본 기사는 한국경제TV와 '거장들의 투자공식이'
자체 개발한 '라이온봇 기자'가 실시간으로 작성한 기사입니다.

라이온봇기자

▶ 네이버 홈에서 [한국경제TV] 채널 구독하기 [생방송보기]
▶ 대한민국 재테크 총집결! - [증권 / 주식상담 / 부동산]

ⓒ 한국경제TV, 무단 전재 및 재배포 금지"
오파스넷,파이낸셜뉴스,2019.06.10. 오후 1:32,[fnRASSI]오파스넷(173130) 현재 +13.7%,"오파스넷(173130)은 현재 주가가 전일 대비 13.7% 상승한 15,350원 선에서 거래가 이루어지고 있다.

퀀트 재무분석, 종합점수 33점으로 상승
지표
항목
값
종합점수
성장성
매출액증가율
0
4.85
자기자본증가율
0
안정성
부채비율
75.59
7.5
유동비율
228.43
이익안정성
0
수익성
ROA
4.4
5.55
ROE
7.72
영업이익율
2.51


오파스넷의 퀀트 재무 점수는 17.9점으로 3개월 이전 17.61점보다 올랐다. 지난 분기에 비해 성장성 점수가 상승했다. 수익성 측면에서 볼때 ROE, 영업이익률이 개선되어 이전보다 좋은 점수를 받았다.



외국인, 기관 모두 보유량 증가 (5일 누적)
최근 5일간 동종목의 외국인 투자자는 24,509주 순매수하였고 마찬가지로 기관은 0주 순매수하였다. 전날 외국인은 20,874주 순매수했지만 기관은 순매수량이 0으로 보유비율 그대로 유지했다.

다음 표는 동종목의 외국인, 기관의 일별 순매수량을 나타낸 것이다.



'fnRASSI'는 금융 AI 전문기업 씽크풀과 파이낸셜뉴스의 협업으로 로봇기자가 실시간으로 생산하는 기사입니다.

fnRASSI@fnnews.com fnRASSI

▶ 헉! 소리나는 스!토리 뉴스 [헉스]
▶ 클릭해, 뉴스 들어간다 [뉴스쿨]
▶ 세상에 이런일이 [fn파스]

※ 저작권자 ⓒ 파이낸셜뉴스. 무단 전재-재배포 금지"
오파스넷,한국경제TV,2019.06.10. 오후 2:59,[증시라인] 신영목의 시장을 이기는 종목 오파스넷/아이앤씨,"[한국경제TV 이무제 PD]
진행 : 하경민 앵커

출연 : 신영목 메리츠종금증권 이사

방송일 : 2019년 6월 10일

- 미중 무역분쟁 ‘신냉전 체제’ 시발점으로 해석

- G20 내 미중 정상회담 큰 기대감은 경계

- 국가간 5G 퍼스트무버 경쟁 따른 관련주 강세

오늘 장 관심주 -오파스넷

- SI/NI 전문 종합 IT 서비스 기업

- 5G 본격화 따른 트래픽 증가 수혜

- IoT 기기 확대로 네트워크장비 수요 급증 예상

- 차세대 SDN, 5G 장비, 솔루션 통한 매출 증대

오늘 장 관심주 - 아이앤씨

- 한국전력 AMI 사업 진행 따른 성장성 확보

- 한국도로공사 LED 조명 교체 수혜 예상

- ‘IoT 가전 확산’ 중소가전 와이파이칩 성장성 주목

(자세한 내용은 방송을 통해 확인하실 수 있습니다)

-----

증시라인 1부(연출:이무제 작가:은빛나)는 매주 월요일~금요일 오전 9시 50분부터 10시 40분까지 생방송으로 진행되며 한국경제TV 홈페이지 케이블TV, 스카이라이프, IPTV(KT 올레TV:180번 SK 브로드밴드:151번 LG U플러스:162번), 유튜브 한국경제TV 채널을 통해 실시간으로 시청하실 수 있습니다.

이무제 PD mjlee@wowtv.co.kr

▶ 네이버 홈에서 [한국경제TV] 채널 구독하기 [생방송보기]
▶ 대한민국 재테크 총집결! - [증권 / 주식상담 / 부동산]

ⓒ 한국경제TV, 무단 전재 및 재배포 금지"
오파스넷,한국경제TV,2019.06.13. 오전 9:49,"오파스넷, 전일 대비 약 4% 상승한 15,050원","[한국경제TV 라이온봇 기자]


[그림 1] 최근 3개월 간 주가 추세 및 기간별 수익률


오파스넷은 6월 13일 9시 48분 전일 대비 약 4% 상승한 15,050원에 거래되고 있다. 오파스넷은 코스닥 상장 기업으로 소프트웨어 업종에 속해 있다. 시가총액은 583억원으로 코스닥 상장기업 중 970위에 위치 해 있다.

[종목 성향 진단]


[그림 2] 종목 성향 진단


오파스넷의 투자 스타일은 성장주에 가깝다. 주가 고평가 우려가 공존하지만 높은 성장성이 기대되는 기업이다.
주가 모멘텀은 굉장히 좋은 편이었다. 최근 1개월 수익률이 무려 40.78%의 상승폭을 기록했다.
오파스넷 종목에 대한 투자자의 관심도는 높은 편에 속한다.

[투자 점수 진단]


[그림 3] 투자 점수 진단


오파스넷은 어느 측면에서 투자 매력도가 높은 종목일까?

AI 인공지능 종목 분석 시스템을 이용해 성장성, 수익성, 효율성, 안전성, 저평가성, 추세 등 주가 수익률에 영향을 줄 수 있는 6가지 핵심 투자 지표를 점수화하여 종목의 투자 매력도를 계산해보았다.
그 결과 오파스넷은 상대적으로 추세지표 측면에서 두각을 드러내고 있었다.

추세 점수는 주가의 상승 모멘텀이 어느정도 인가를 나타낸다.

오파스넷은 특히 단기추세 측면에서 가장 높은 점수는 기록했는데, 전체 시장 내 51위를 기록하며 상위 2.43%에 위치했다. 업종별로는 26위를 기록하며 상위 4.13%에 위치했다.

그러나 기업의 자산 활용도를 나타내는 효율성 측면에서는 아쉬움을 나타냈다.

(위의 AI인공지능 점수는 재무 데이터를 기반으로 전체 상장 종목과 비교/분석하여 도출한 점수로 높은 점수가 반드시 높은 수익률을 보장하지 않습니다. 위의 자료는 당사의 추천 종목이 아니며, 투자 시 참고용으로 제시해드리는 것입니다. 핵심투자지표를 결합해 종목의 투자매력도를 종합 계산한 ""인공지능 투자점수""는 ""거장들의 투자공식"" 앱에서 확인하실 수 있습니다.)

라이온봇 기자 -한국경제TV

※ 본 기사는 한국경제TV와 '거장들의 투자공식이'
자체 개발한 '라이온봇 기자'가 실시간으로 작성한 기사입니다.

라이온봇기자

▶ 네이버 홈에서 [한국경제TV] 채널 구독하기 [생방송보기]
▶ 대한민국 재테크 총집결! - [증권 / 주식상담 / 부동산]

ⓒ 한국경제TV, 무단 전재 및 재배포 금지"
오파스넷,한국경제TV,2019.06.19. 오후 2:50,"오파스넷, 전일 대비 약 4% 하락한 13,650원","[한국경제TV 라이온봇 기자]


[그림 1] 최근 3개월 간 주가 추세 및 기간별 수익률


오파스넷은 6월 19일 14시 49분 전일 대비 약 4% 하락한 13,650원에 거래되고 있다. 오파스넷은 코스닥 상장 기업으로 소프트웨어 업종에 속해 있다. 시가총액은 573억원으로 코스닥 상장기업 중 976위에 위치 해 있다.

[종목 성향 진단]


[그림 2] 종목 성향 진단


오파스넷의 투자 스타일은 모호한 측면이 있으나 성장주라고 볼 수 있다. 주가 고평가 우려가 공존하지만 높은 성장성이 기대되는 기업이다.
주가 모멘텀은 좋은 편에 속했다. 최근 6개월 수익률은 43.07%의 상승폭을 기록했다. 최근 1개월 수익률 또한 19.75% 상승하며 좋은 모멘텀을 보이고 있다.
오파스넷 종목에 대한 투자자의 관심도는 높은 편에 속한다.

[투자 점수 진단]


[그림 3] 투자 점수 진단


오파스넷은 어느 측면에서 투자 매력도가 높은 종목일까?

AI 인공지능 종목 분석 시스템을 이용해 성장성, 수익성, 효율성, 안전성, 저평가성, 추세 등 주가 수익률에 영향을 줄 수 있는 6가지 핵심 투자 지표를 점수화하여 종목의 투자 매력도를 계산해보았다.
그 결과 오파스넷은 상대적으로 추세지표 측면에서 두각을 드러내고 있었다.

추세 점수는 주가의 상승 모멘텀이 어느정도 인가를 나타낸다.

오파스넷은 특히 단기추세 측면에서 가장 높은 점수는 기록했는데, 전체 시장 내 126위를 기록하며 상위 6.06%에 위치했다. 업종별로는 69위를 기록하며 상위 12.1%에 위치했다.

그러나 기업의 자산 활용도를 나타내는 효율성 측면에서는 아쉬움을 나타냈다.

(위의 AI인공지능 점수는 재무 데이터를 기반으로 전체 상장 종목과 비교/분석하여 도출한 점수로 높은 점수가 반드시 높은 수익률을 보장하지 않습니다. 위의 자료는 당사의 추천 종목이 아니며, 투자 시 참고용으로 제시해드리는 것입니다. 핵심투자지표를 결합해 종목의 투자매력도를 종합 계산한 ""인공지능 투자점수""는 ""거장들의 투자공식"" 앱에서 확인하실 수 있습니다.)

라이온봇 기자 -한국경제TV

※ 본 기사는 한국경제TV와 '거장들의 투자공식이'
자체 개발한 '라이온봇 기자'가 실시간으로 작성한 기사입니다.

라이온봇기자

▶ 네이버 홈에서 [한국경제TV] 채널 구독하기 [생방송보기]
▶ 대한민국 재테크 총집결! - [증권 / 주식상담 / 부동산]

ⓒ 한국경제TV, 무단 전재 및 재배포 금지"
오파스넷,머니투데이,2019.06.26. 오후 4:49,"오파스넷 ""국세청 추징금 92억 부과""","[머니투데이 이정혁 기자] 오파스넷은 서울지방국세청으로부터 92억7854만8039원의 추징금을 부과받았다고 26일 공시했다.

부과사유는 2009~2017년 법인세등 통합세무조사 결과에 따른 것이라고 회사측은 설명했다.

오파스넷은 ""국세기본법에 따른 과세전적부심사 청구를 통해 부과 여부를 다툴 계획""이라면서 ""이의신청, 심사청구, 심판청구 등의 적절한 절차를 진행할 예정""이라고 밝혔다.

이정혁 기자 utopia@mt.co.kr

▶이코노미스트들의 투자칼럼
▶조 변호사의 가정상담소 ▶더 많은 기사 보러가기

<저작권자 ⓒ '돈이 보이는 리얼타임 뉴스' 머니투데이, 무단전재 및 재배포 금지>"
오파스넷,연합뉴스,2019.06.26. 오후 4:53,"오파스넷 ""세무조사 추징금 93억원 부과받아""","(서울=연합뉴스) 곽민서 기자 = 오파스넷은 서울지방국세청으로부터 세무조사(2009∼2017년) 추징금 약 92억8천만원을 부과받았다고 26일 공시했다.

회사 측은 ""이 금액은 세무조사 결과통지서상의 예정 고지세액으로, 향후 납세고지서가 정식으로 발부되는 경우 이의신청·심사청구·심판청구 등의 적절한 절차를 진행할 예정""이라고 밝혔다.

mskwak@yna.co.kr

▶네이버 홈에서 [연합뉴스] 채널 구독하기

▶뭐 하고 놀까? #흥 ▶쇼미더뉴스! 오늘 많이 본 뉴스영상"
오파스넷,서울경제,2019.06.26. 오후 5:00,오파스넷 국세청 세무조사 추징금 92억여원 부과 받아,"[서울경제] 코스닥 상장사 오파스넷(173130)은 서울지방국세청으로부터 세무조사(2009∼2017년) 추징금 약 92억8,000만원을 부과받았다고 26일 공시했다. 회사 측은 “이 금액은 세무조사 결과통지서상의 예정 고지세액으로, 향후 납세고지서가 정식으로 발부되는 경우 이의신청·심사청구·심판청구 등의 적절한 절차를 진행할 예정”이라고 밝혔다. /박경훈기자 socool@sedaily.com

[서울경제 바로가기]
▶ 내가 살 아파트, 실거래가 News봇으로 | ▶ 네이버TV로 서울경제썸 구독하기
▶ 네이버 메인에서 'No. 1 뉴스' 서울경제를 만나보세요


저작권자 ⓒ 서울경제, 무단 전재 및 재배포 금지"
오파스넷,아시아경제,2019.06.26. 오후 5:15,"오파스넷, ""통합세무조사 추징금 93억 부과받아""","[아시아경제 배경환 기자] 오파스넷은 서울지방국세청으로부터 2009~2017년 법인세 등 통합세무조사에서 추징금 약 92억8000만원을 부과받았다고 26일 공시했다.

배경환 기자 khbae@asiae.co.kr

▶ 네이버에서 아시아경제를 쉽게 만나보세요
▶ 경제 감각을 키우고 싶다면? ▶ 재미와 지식이 가득한 '과학을읽다'

<ⓒ경제를 보는 눈, 세계를 보는 창 아시아경제 무단전재 배포금지>"
오파스넷,이데일리,2019.06.26. 오후 5:47,"오파스넷, 추징금 97억원 부과…자기자본比 30% 해당","[이데일리 전재욱 기자] 오파스넷(173130)은 서울지방국세청으로부터 추징금 92억원을 부과받았다고 26일 공시했다. 추징금 규모는 회사 지난해 자기자본 대비 30%에 해당한다. 납부 기한은 내달 31일이다.

회사 측은 “이 금액은 세무조사 결과통지서 예정고지세액”이라며 “국세기본법에 따른 과세전적부심사 청구를 통해 다툴 계획”이라고 밝혔다. 이어 “납세고지서가 정식으로 발부되는 경우 이의신청, 심사청구, 심판청구 등 적절한 절차를 진행할 예정”이라고 덧붙였다.

전재욱 (imfew@edaily.co.kr)

당첨자 2222명! 이데일리 구독 이벤트 [26일 마감!▶]
이데일리 구독 아직 안하셨다면? [에어팟2 득템하기▶]


＜ⓒ종합 경제정보 미디어 이데일리 - 무단전재 & 재배포 금지＞"
오파스넷,이데일리,2019.06.27. 오전 9:08,"[특징주]오파스넷, 법인세 추징금 부과에 급락","[이데일리 최정희 기자] 오파스넷(173130) 주가가 급락하고 있다.

27일 마켓포인트에 따르면 오파스넷 주가는 이날 오전 9시 5분 현재 전 거래일보다 12.88% 하락한 1만1500원에 거래되고 있다.

오파스넷은 전일 장 마감 후 공시를 통해 92억7800만원 규모의 법인세 추징금을 부과받았다고 밝혔다. 추징액은 자기자본의 30.69%에 달한다.

최정희 (jhid0201@edaily.co.kr)

당첨자 2222명! 이데일리 구독 이벤트 [26일 마감!▶]
이데일리 구독 아직 안하셨다면? [에어팟2 득템하기▶]


＜ⓒ종합 경제정보 미디어 이데일리 - 무단전재 & 재배포 금지＞"
오파스넷,아이뉴스24,2019.06.27. 오전 9:16,"[특징주] 오파스넷, 추징금 92.7억 부과 소식에 급락","장 초반 12% 이상 떨어져
[아이뉴스24 한수연 기자] 오파스넷이 92억원 규모의 법인세 추징금 부과 소식에 급락했다.

27일 오전 9시10분 현재 코스닥 시장에서 오파스넷은 전 거래일보다 12.88%(1천700원) 떨어진 1만1천500원에 거래되고 있다.

전일 장 마감 후 오파스넷은 서울지방국세청으로부터 지난 2009~2017년 법인세 등 통합세무조사를 받은 결과, 92억7천854만원 규모의 법인세 추징금을 부과받았다고 밝혔다.

이번 추징금 규모는 오파스넷 자기자본의 30.69%에 달한다.

한수연기자 papyrus@inews24.com


▶네이버 채널에서 '아이뉴스24'를 구독해주세요.

▶아이뉴스TV에서 부동산 고수를 만나보세요.

[ⓒ 아이뉴스24 무단전재 및 재배포 금지]"
오파스넷,매일경제,2019.06.27. 오전 9:19,"[특징주] 오파스넷, 100억원 규모 추징금 부과 소식에 급락","오파스넷이 100억원에 육박하는 추징금을 부과받았다는 소식에 급락세다.

27일 오전 9시 5분 현재 오파스넷은 전일 대비 1750원(13.26%) 내린 1만1450원에 거래되고 있다.

전날 오파스넷은 서울지방국세청으로부터 세무조사(2009~2017년) 추징금 약 93억원을 부과받았다고 공시했다.

회사 측은 ""이 금액은 세무조사 결과통지서상의 예정 고지세액으로, 향후 납세고지서가 정식으로 발부되는 경우 이의신청·심사청구·심판청구 등의 적절한 절차를 진행할 예정""이라고 밝혔다.

[디지털뉴스국 고득관 기자]

▶네이버에서 '매일경제' 뉴스 구독하고 경품 받아가세요
▶뉴스레터 '매콤달콤' 구독 ▶무궁무진한 프리미엄 읽을거리
[ⓒ 매일경제 & mk.co.kr, 무단전재 및 재배포 금지]"
오파스넷,뉴시스,2019.06.27. 오전 9:25,"[특징주]오파스넷, 90억원 규모 법인세 추징 소식에 '급락'","【서울=뉴시스】김동현 기자 = 90억원 규모의 법인세 추징금 부과 소식에 오파스넷(173130)이 장 초반 급락하고 있다.

27일 오전 9시15분 현재 주식시장에서 오파스넷의 주가는 전 거래일보다 1750원(13.26%) 내린 1만1450원에 거래되고 있다.

오파스넷은 서울지방국세청으로부터 추징금 92억 7855만원을 부과받았다고 지난 26일 공시했다. 이는 자기자본 30.69%에 달하는 금액이다.

오파스넷은 납세고지서가 정식으로 발부된 이후 이의신청, 심사청구, 심판청구 등의 절차를 진행할 것으로 알려졌다.

oj1001@newsis.com

▶ 네이버에서 뉴시스 채널 구독하기

▶ 뉴시스 빅데이터 MSI 주가시세표 바로가기

<저작권자ⓒ 공감언론 뉴시스통신사. 무단전재-재배포 금지.>"
오파스넷,한국경제TV,2019.06.27. 오전 9:49,"오파스넷, 12% 하락... 전일 보다 1,650원 내린 11,550원","[한국경제TV 라이온봇 기자]


[그림 1] 최근 3개월 간 주가 추세 및 기간별 수익률


오파스넷은 6월 27일 9시 48분 전일 대비 약 12% 급락한 11,550원에 거래되고 있다. 오파스넷은 코스닥 상장 기업으로 소프트웨어 업종에 속해 있다. 시가총액은 531억원으로 코스닥 상장기업 중 1,025위에 위치 해 있다.

[종목 성향 진단]


[그림 2] 종목 성향 진단


오파스넷의 투자 스타일은 모호한 측면이 있으나 성장주라고 볼 수 있다. 주가 고평가 우려가 공존하지만 높은 성장성이 기대되는 기업이다.
주가 모멘텀은 좋은 편에 속했다. 최근 6개월 수익률은 20%의 상승폭을 기록했다. 최근 1개월 수익률 또한 11.86% 상승하며 좋은 모멘텀을 보이고 있다.
오파스넷 종목에 대한 투자자의 관심도는 높은 편에 속한다.

[투자 점수 진단]


[그림 3] 투자 점수 진단


오파스넷은 어느 측면에서 투자 매력도가 높은 종목일까?

AI 인공지능 종목 분석 시스템을 이용해 성장성, 수익성, 효율성, 안전성, 저평가성, 추세 등 주가 수익률에 영향을 줄 수 있는 6가지 핵심 투자 지표를 점수화하여 종목의 투자 매력도를 계산해보았다.
그 결과 오파스넷은 상대적으로 추세지표 측면에서 두각을 드러내고 있었다.

추세 점수는 주가의 상승 모멘텀이 어느정도 인가를 나타낸다.

오파스넷은 특히 중기추세 측면에서 가장 높은 점수는 기록했는데, 전체 시장 내 325위를 기록하며 상위 15.76%에 위치했다. 업종별로는 145위를 기록하며 상위 25.76%에 위치했다.

그러나 기업의 자산 활용도를 나타내는 효율성 측면에서는 아쉬움을 나타냈다.

(위의 AI인공지능 점수는 재무 데이터를 기반으로 전체 상장 종목과 비교/분석하여 도출한 점수로 높은 점수가 반드시 높은 수익률을 보장하지 않습니다. 위의 자료는 당사의 추천 종목이 아니며, 투자 시 참고용으로 제시해드리는 것입니다. 핵심투자지표를 결합해 종목의 투자매력도를 종합 계산한 ""인공지능 투자점수""는 ""거장들의 투자공식"" 앱에서 확인하실 수 있습니다.)

라이온봇 기자 -한국경제TV

※ 본 기사는 한국경제TV와 '거장들의 투자공식이'
자체 개발한 '라이온봇 기자'가 실시간으로 작성한 기사입니다.

라이온봇기자

▶ 네이버 홈에서 [한국경제TV] 채널 구독하기 [생방송보기]
▶ 대한민국 재테크 총집결! - [증권 / 주식상담 / 부동산]

ⓒ 한국경제TV, 무단 전재 및 재배포 금지"
오파스넷,한국경제TV,2019.06.28. 오전 10:55,"오파스넷, 전일 대비 약 8% 하락한 10,100원","[한국경제TV 라이온봇 기자]


[그림 1] 최근 3개월 간 주가 추세 및 기간별 수익률


오파스넷은 6월 28일 10시 54분 전일 대비 약 8% 하락한 10,100원에 거래되고 있다. 오파스넷은 코스닥 상장 기업으로 소프트웨어 업종에 속해 있다. 시가총액은 440억원으로 코스닥 상장기업 중 1,121위에 위치 해 있다.

[종목 성향 진단]


[그림 2] 종목 성향 진단


오파스넷의 투자 스타일은 모호한 측면이 있으나 성장주라고 볼 수 있다. 주가 고평가 우려가 공존하지만 높은 성장성이 기대되는 기업이다.
주가 모멘텀은 부진한 편이었다. 최근 1개월 수익률은 -12.75%의 하락폭을 기록했다.
오파스넷 종목에 대한 투자자의 관심도는 높은 편에 속한다.

[투자 점수 진단]


[그림 3] 투자 점수 진단


오파스넷은 어느 측면에서 투자 매력도가 높은 종목일까?

AI 인공지능 종목 분석 시스템을 이용해 성장성, 수익성, 효율성, 안전성, 저평가성, 추세 등 주가 수익률에 영향을 줄 수 있는 6가지 핵심 투자 지표를 점수화하여 종목의 투자 매력도를 계산해보았다.
그 결과 오파스넷은 상대적으로 성장성 측면에서 두각을 드러내고 있었다.

성장성 점수는 기업의 실적이 전년 동기 대비 얼마나 증가했는지를 나타낸 지표로 기업의 이익 성장 추세를 나타낸다.

오파스넷은 특히 매출액증가율(YoY) 측면에서 가장 높은 점수는 기록했는데, 전체 시장 내 174위를 기록하며 상위 8.86%에 위치했다. 업종별로는 61위를 기록하며 상위 11.39%에 위치했다.

그러나 주가 상승 모멘텀을 나타내는 추세 측면에서는 아쉬움을 나타냈다.

(위의 AI인공지능 점수는 재무 데이터를 기반으로 전체 상장 종목과 비교/분석하여 도출한 점수로 높은 점수가 반드시 높은 수익률을 보장하지 않습니다. 위의 자료는 당사의 추천 종목이 아니며, 투자 시 참고용으로 제시해드리는 것입니다. 핵심투자지표를 결합해 종목의 투자매력도를 종합 계산한 ""인공지능 투자점수""는 ""거장들의 투자공식"" 앱에서 확인하실 수 있습니다.)

라이온봇 기자 -한국경제TV

※ 본 기사는 한국경제TV와 '거장들의 투자공식이'
자체 개발한 '라이온봇 기자'가 실시간으로 작성한 기사입니다.

라이온봇기자

▶ 네이버 홈에서 [한국경제TV] 채널 구독하기 [생방송보기]
▶ 대한민국 재테크 총집결! - [증권 / 주식상담 / 부동산]

ⓒ 한국경제TV, 무단 전재 및 재배포 금지"
오파스넷,한국경제TV,2019.06.28. 오전 11:55,"오파스넷, 11% 하락... 전일 보다 1,160원 내린 9,790원","[한국경제TV 라이온봇 기자]


[그림 1] 최근 3개월 간 주가 추세 및 기간별 수익률


오파스넷은 6월 28일 11시 54분 전일 대비 약 11% 급락한 9,790원에 거래되고 있다. 오파스넷은 코스닥 상장 기업으로 소프트웨어 업종에 속해 있다. 시가총액은 440억원으로 코스닥 상장기업 중 1,121위에 위치 해 있다.

[종목 성향 진단]


[그림 2] 종목 성향 진단


오파스넷의 투자 스타일은 모호한 측면이 있으나 성장주라고 볼 수 있다. 주가 고평가 우려가 공존하지만 높은 성장성이 기대되는 기업이다.
주가 모멘텀은 부진한 편이었다. 최근 1개월 수익률은 -12.75%의 하락폭을 기록했다.
오파스넷 종목에 대한 투자자의 관심도는 높은 편에 속한다.

[투자 점수 진단]


[그림 3] 투자 점수 진단


오파스넷은 어느 측면에서 투자 매력도가 높은 종목일까?

AI 인공지능 종목 분석 시스템을 이용해 성장성, 수익성, 효율성, 안전성, 저평가성, 추세 등 주가 수익률에 영향을 줄 수 있는 6가지 핵심 투자 지표를 점수화하여 종목의 투자 매력도를 계산해보았다.
그 결과 오파스넷은 상대적으로 성장성 측면에서 두각을 드러내고 있었다.

성장성 점수는 기업의 실적이 전년 동기 대비 얼마나 증가했는지를 나타낸 지표로 기업의 이익 성장 추세를 나타낸다.

오파스넷은 특히 매출액증가율(YoY) 측면에서 가장 높은 점수는 기록했는데, 전체 시장 내 174위를 기록하며 상위 8.86%에 위치했다. 업종별로는 61위를 기록하며 상위 11.39%에 위치했다.

그러나 주가 상승 모멘텀을 나타내는 추세 측면에서는 아쉬움을 나타냈다.

(위의 AI인공지능 점수는 재무 데이터를 기반으로 전체 상장 종목과 비교/분석하여 도출한 점수로 높은 점수가 반드시 높은 수익률을 보장하지 않습니다. 위의 자료는 당사의 추천 종목이 아니며, 투자 시 참고용으로 제시해드리는 것입니다. 핵심투자지표를 결합해 종목의 투자매력도를 종합 계산한 ""인공지능 투자점수""는 ""거장들의 투자공식"" 앱에서 확인하실 수 있습니다.)

라이온봇 기자 -한국경제TV

※ 본 기사는 한국경제TV와 '거장들의 투자공식이'
자체 개발한 '라이온봇 기자'가 실시간으로 작성한 기사입니다.

라이온봇기자

▶ 네이버 홈에서 [한국경제TV] 채널 구독하기 [생방송보기]
▶ 대한민국 재테크 총집결! - [증권 / 주식상담 / 부동산]

ⓒ 한국경제TV, 무단 전재 및 재배포 금지"
오파스넷,한국경제TV,2019.07.04. 오전 11:55,"오파스넷, 전일 대비 약 5% 하락한 9,170원","[한국경제TV 라이온봇 기자]


[그림 1] 최근 3개월 간 주가 추세 및 기간별 수익률


오파스넷은 7월 4일 11시 54분 전일 대비 약 5% 하락한 9,170원에 거래되고 있다. 오파스넷은 코스닥 상장 기업으로 소프트웨어 업종에 속해 있다. 시가총액은 387억원으로 코스닥 상장기업 중 1,178위에 위치 해 있다.

[종목 성향 진단]


[그림 2] 종목 성향 진단


오파스넷의 투자 스타일은 모호한 측면이 있으나 가치주라고 볼 수 있다. 기업 가치 대비 낮은 주가가 매력적인 기업이다.
주가 모멘텀은 좋지 못했다. 최근 6개월 수익률은 -26.57%의 하락폭을 기록했다. 최근 1개월 수익률 또한 -22.42% 하락하며 부진한 모멘텀을 이어가고 있다.
오파스넷 종목에 대한 투자자의 관심도는 평범한 수준이었다.

[투자 점수 진단]


[그림 3] 투자 점수 진단


오파스넷은 어느 측면에서 투자 매력도가 높은 종목일까?

AI 인공지능 종목 분석 시스템을 이용해 성장성, 수익성, 효율성, 안전성, 저평가성, 추세 등 주가 수익률에 영향을 줄 수 있는 6가지 핵심 투자 지표를 점수화하여 종목의 투자 매력도를 계산해보았다.
그 결과 오파스넷은 상대적으로 성장성 측면에서 두각을 드러내고 있었다.

성장성 점수는 기업의 실적이 전년 동기 대비 얼마나 증가했는지를 나타낸 지표로 기업의 이익 성장 추세를 나타낸다.

오파스넷은 특히 매출액증가율(YoY) 측면에서 가장 높은 점수는 기록했는데, 전체 시장 내 174위를 기록하며 상위 8.86%에 위치했다. 업종별로는 61위를 기록하며 상위 11.39%에 위치했다.

그러나 주가 상승 모멘텀을 나타내는 추세 측면에서는 아쉬움을 나타냈다.

(위의 AI인공지능 점수는 재무 데이터를 기반으로 전체 상장 종목과 비교/분석하여 도출한 점수로 높은 점수가 반드시 높은 수익률을 보장하지 않습니다. 위의 자료는 당사의 추천 종목이 아니며, 투자 시 참고용으로 제시해드리는 것입니다. 핵심투자지표를 결합해 종목의 투자매력도를 종합 계산한 ""인공지능 투자점수""는 ""거장들의 투자공식"" 앱에서 확인하실 수 있습니다.)

라이온봇 기자 -한국경제TV

※ 본 기사는 한국경제TV와 '거장들의 투자공식이'
자체 개발한 '라이온봇 기자'가 실시간으로 작성한 기사입니다.

라이온봇기자

▶ 네이버 홈에서 [한국경제TV] 채널 구독하기 [생방송보기]
▶ 대한민국 재테크 총집결! - [증권 / 주식상담 / 부동산]

ⓒ 한국경제TV, 무단 전재 및 재배포 금지"
오파스넷,한국경제TV,2019.07.08. 오전 10:55,"오파스넷, 전일 대비 약 4% 하락한 8,820원","[한국경제TV 라이온봇 기자]


[그림 1] 최근 3개월 간 주가 추세 및 기간별 수익률


오파스넷은 7월 8일 10시 55분 전일 대비 약 4% 하락한 8,820원에 거래되고 있다. 오파스넷은 코스닥 상장 기업으로 소프트웨어 업종에 속해 있다. 시가총액은 371억원으로 코스닥 상장기업 중 1,186위에 위치 해 있다.

[종목 성향 진단]


[그림 2] 종목 성향 진단


오파스넷의 투자 스타일은 모호한 측면이 있으나 가치주라고 볼 수 있다. 기업 가치 대비 낮은 주가가 매력적인 기업이다.
주가 모멘텀은 좋지 못했다. 최근 6개월 수익률은 -30.08%의 하락폭을 기록했다. 최근 1개월 수익률 또한 -26.75% 하락하며 부진한 모멘텀을 이어가고 있다.
오파스넷 종목에 대한 투자자의 관심도는 평범한 수준이었다.

[투자 점수 진단]


[그림 3] 투자 점수 진단


오파스넷은 어느 측면에서 투자 매력도가 높은 종목일까?

AI 인공지능 종목 분석 시스템을 이용해 성장성, 수익성, 효율성, 안전성, 저평가성, 추세 등 주가 수익률에 영향을 줄 수 있는 6가지 핵심 투자 지표를 점수화하여 종목의 투자 매력도를 계산해보았다.
그 결과 오파스넷은 상대적으로 성장성 측면에서 두각을 드러내고 있었다.

성장성 점수는 기업의 실적이 전년 동기 대비 얼마나 증가했는지를 나타낸 지표로 기업의 이익 성장 추세를 나타낸다.

오파스넷은 특히 매출액증가율(YoY) 측면에서 가장 높은 점수는 기록했는데, 전체 시장 내 174위를 기록하며 상위 8.86%에 위치했다. 업종별로는 61위를 기록하며 상위 11.39%에 위치했다.

그러나 주가 상승 모멘텀을 나타내는 추세 측면에서는 아쉬움을 나타냈다.

(위의 AI인공지능 점수는 재무 데이터를 기반으로 전체 상장 종목과 비교/분석하여 도출한 점수로 높은 점수가 반드시 높은 수익률을 보장하지 않습니다. 위의 자료는 당사의 추천 종목이 아니며, 투자 시 참고용으로 제시해드리는 것입니다. 핵심투자지표를 결합해 종목의 투자매력도를 종합 계산한 ""인공지능 투자점수""는 ""거장들의 투자공식"" 앱에서 확인하실 수 있습니다.)

라이온봇 기자 -한국경제TV

※ 본 기사는 한국경제TV와 '거장들의 투자공식이'
자체 개발한 '라이온봇 기자'가 실시간으로 작성한 기사입니다.

라이온봇기자

▶ 네이버 홈에서 [한국경제TV] 채널 구독하기 [생방송보기]
▶ 대한민국 재테크 총집결! - [증권 / 주식상담 / 부동산]

ⓒ 한국경제TV, 무단 전재 및 재배포 금지"
오파스넷,한국경제TV,2019.07.09. 오전 9:58,"오파스넷, 전일 대비 약 3% 상승한 8,910원","[한국경제TV 라이온봇 기자]


[그림 1] 최근 3개월 간 주가 추세 및 기간별 수익률


오파스넷은 7월 9일 9시 57분 전일 대비 약 3% 상승한 8,910원에 거래되고 있다. 오파스넷은 코스닥 상장 기업으로 소프트웨어 업종에 속해 있다. 시가총액은 371억원으로 코스닥 상장기업 중 1,186위에 위치 해 있다.

[종목 성향 진단]


[그림 2] 종목 성향 진단


오파스넷의 투자 스타일은 모호한 측면이 있으나 가치주라고 볼 수 있다. 기업 가치 대비 낮은 주가가 매력적인 기업이다.
주가 모멘텀은 좋지 못했다. 최근 6개월 수익률은 -30.08%의 하락폭을 기록했다. 최근 1개월 수익률 또한 -26.75% 하락하며 부진한 모멘텀을 이어가고 있다.
오파스넷 종목에 대한 투자자의 관심도는 평범한 수준이었다.

[투자 점수 진단]


[그림 3] 투자 점수 진단


오파스넷은 어느 측면에서 투자 매력도가 높은 종목일까?

AI 인공지능 종목 분석 시스템을 이용해 성장성, 수익성, 효율성, 안전성, 저평가성, 추세 등 주가 수익률에 영향을 줄 수 있는 6가지 핵심 투자 지표를 점수화하여 종목의 투자 매력도를 계산해보았다.
그 결과 오파스넷은 상대적으로 성장성 측면에서 두각을 드러내고 있었다.

성장성 점수는 기업의 실적이 전년 동기 대비 얼마나 증가했는지를 나타낸 지표로 기업의 이익 성장 추세를 나타낸다.

오파스넷은 특히 매출액증가율(YoY) 측면에서 가장 높은 점수는 기록했는데, 전체 시장 내 174위를 기록하며 상위 8.86%에 위치했다. 업종별로는 61위를 기록하며 상위 11.39%에 위치했다.

그러나 주가 상승 모멘텀을 나타내는 추세 측면에서는 아쉬움을 나타냈다.

(위의 AI인공지능 점수는 재무 데이터를 기반으로 전체 상장 종목과 비교/분석하여 도출한 점수로 높은 점수가 반드시 높은 수익률을 보장하지 않습니다. 위의 자료는 당사의 추천 종목이 아니며, 투자 시 참고용으로 제시해드리는 것입니다. 핵심투자지표를 결합해 종목의 투자매력도를 종합 계산한 ""인공지능 투자점수""는 ""거장들의 투자공식"" 앱에서 확인하실 수 있습니다.)

라이온봇 기자 -한국경제TV

※ 본 기사는 한국경제TV와 '거장들의 투자공식이'
자체 개발한 '라이온봇 기자'가 실시간으로 작성한 기사입니다.

라이온봇기자

▶ 네이버 홈에서 [한국경제TV] 채널 구독하기 [생방송보기]
▶ 대한민국 재테크 총집결! - [증권 / 주식상담 / 부동산]

ⓒ 한국경제TV, 무단 전재 및 재배포 금지"
오파스넷,한국경제TV,2019.07.10. 오후 12:55,"오파스넷, 전일 대비 약 4% 상승한 9,200원","[한국경제TV 라이온봇 기자]


[그림 1] 최근 3개월 간 주가 추세 및 기간별 수익률


오파스넷은 7월 10일 12시 55분 전일 대비 약 4% 상승한 9,200원에 거래되고 있다. 오파스넷은 코스닥 상장 기업으로 소프트웨어 업종에 속해 있다. 시가총액은 371억원으로 코스닥 상장기업 중 1,186위에 위치 해 있다.

[종목 성향 진단]


[그림 2] 종목 성향 진단


오파스넷의 투자 스타일은 모호한 측면이 있으나 가치주라고 볼 수 있다. 기업 가치 대비 낮은 주가가 매력적인 기업이다.
주가 모멘텀은 좋지 못했다. 최근 6개월 수익률은 -30.08%의 하락폭을 기록했다. 최근 1개월 수익률 또한 -26.75% 하락하며 부진한 모멘텀을 이어가고 있다.
오파스넷 종목에 대한 투자자의 관심도는 평범한 수준이었다.

[투자 점수 진단]


[그림 3] 투자 점수 진단


오파스넷은 어느 측면에서 투자 매력도가 높은 종목일까?

AI 인공지능 종목 분석 시스템을 이용해 성장성, 수익성, 효율성, 안전성, 저평가성, 추세 등 주가 수익률에 영향을 줄 수 있는 6가지 핵심 투자 지표를 점수화하여 종목의 투자 매력도를 계산해보았다.
그 결과 오파스넷은 상대적으로 성장성 측면에서 두각을 드러내고 있었다.

성장성 점수는 기업의 실적이 전년 동기 대비 얼마나 증가했는지를 나타낸 지표로 기업의 이익 성장 추세를 나타낸다.

오파스넷은 특히 매출액증가율(YoY) 측면에서 가장 높은 점수는 기록했는데, 전체 시장 내 174위를 기록하며 상위 8.86%에 위치했다. 업종별로는 61위를 기록하며 상위 11.39%에 위치했다.

그러나 주가 상승 모멘텀을 나타내는 추세 측면에서는 아쉬움을 나타냈다.

(위의 AI인공지능 점수는 재무 데이터를 기반으로 전체 상장 종목과 비교/분석하여 도출한 점수로 높은 점수가 반드시 높은 수익률을 보장하지 않습니다. 위의 자료는 당사의 추천 종목이 아니며, 투자 시 참고용으로 제시해드리는 것입니다. 핵심투자지표를 결합해 종목의 투자매력도를 종합 계산한 ""인공지능 투자점수""는 ""거장들의 투자공식"" 앱에서 확인하실 수 있습니다.)

라이온봇 기자 -한국경제TV

※ 본 기사는 한국경제TV와 '거장들의 투자공식이'
자체 개발한 '라이온봇 기자'가 실시간으로 작성한 기사입니다.

라이온봇기자

▶ 네이버 홈에서 [한국경제TV] 채널 구독하기 [생방송보기]
▶ 대한민국 재테크 총집결! - [증권 / 주식상담 / 부동산]

ⓒ 한국경제TV, 무단 전재 및 재배포 금지"
오파스넷,한국경제TV,2019.07.12. 오후 1:59,"오파스넷, 전일 대비 약 3% 상승한 9,460원","[한국경제TV 라이온봇 기자]


[그림 1] 최근 3개월 간 주가 추세 및 기간별 수익률


오파스넷은 7월 12일 13시 58분 전일 대비 약 3% 상승한 9,460원에 거래되고 있다. 오파스넷은 코스닥 상장 기업으로 소프트웨어 업종에 속해 있다. 시가총액은 371억원으로 코스닥 상장기업 중 1,186위에 위치 해 있다.

[종목 성향 진단]


[그림 2] 종목 성향 진단


오파스넷의 투자 스타일은 모호한 측면이 있으나 가치주라고 볼 수 있다. 기업 가치 대비 낮은 주가가 매력적인 기업이다.
주가 모멘텀은 좋지 못했다. 최근 6개월 수익률은 -30.08%의 하락폭을 기록했다. 최근 1개월 수익률 또한 -26.75% 하락하며 부진한 모멘텀을 이어가고 있다.
오파스넷 종목에 대한 투자자의 관심도는 평범한 수준이었다.

[투자 점수 진단]


[그림 3] 투자 점수 진단


오파스넷은 어느 측면에서 투자 매력도가 높은 종목일까?

AI 인공지능 종목 분석 시스템을 이용해 성장성, 수익성, 효율성, 안전성, 저평가성, 추세 등 주가 수익률에 영향을 줄 수 있는 6가지 핵심 투자 지표를 점수화하여 종목의 투자 매력도를 계산해보았다.
그 결과 오파스넷은 상대적으로 성장성 측면에서 두각을 드러내고 있었다.

성장성 점수는 기업의 실적이 전년 동기 대비 얼마나 증가했는지를 나타낸 지표로 기업의 이익 성장 추세를 나타낸다.

오파스넷은 특히 매출액증가율(YoY) 측면에서 가장 높은 점수는 기록했는데, 전체 시장 내 174위를 기록하며 상위 8.86%에 위치했다. 업종별로는 61위를 기록하며 상위 11.39%에 위치했다.

그러나 주가 상승 모멘텀을 나타내는 추세 측면에서는 아쉬움을 나타냈다.

(위의 AI인공지능 점수는 재무 데이터를 기반으로 전체 상장 종목과 비교/분석하여 도출한 점수로 높은 점수가 반드시 높은 수익률을 보장하지 않습니다. 위의 자료는 당사의 추천 종목이 아니며, 투자 시 참고용으로 제시해드리는 것입니다. 핵심투자지표를 결합해 종목의 투자매력도를 종합 계산한 ""인공지능 투자점수""는 ""거장들의 투자공식"" 앱에서 확인하실 수 있습니다.)

라이온봇 기자 -한국경제TV

※ 본 기사는 한국경제TV와 '거장들의 투자공식이'
자체 개발한 '라이온봇 기자'가 실시간으로 작성한 기사입니다.

라이온봇기자

▶ 네이버 홈에서 [한국경제TV] 채널 구독하기 [생방송보기]
▶ 대한민국 재테크 총집결! - [증권 / 주식상담 / 부동산]

ⓒ 한국경제TV, 무단 전재 및 재배포 금지"
오파스넷,한국경제TV,2019.07.25. 오전 11:59,"오파스넷, 전일 대비 약 3% 하락한 8,420원","[한국경제TV 라이온봇 기자]


[그림 1] 최근 3개월 간 주가 추세 및 기간별 수익률


오파스넷은 7월 25일 11시 58분 전일 대비 약 3% 하락한 8,420원에 거래되고 있다. 오파스넷은 코스닥 상장 기업으로 소프트웨어 업종에 속해 있다. 시가총액은 350억원으로 코스닥 상장기업 중 1,189위에 위치 해 있다.

[종목 성향 진단]


[그림 2] 종목 성향 진단


오파스넷의 투자 스타일은 모호한 측면이 있으나 가치주라고 볼 수 있다. 기업 가치 대비 낮은 주가가 매력적인 기업이다.
주가 모멘텀은 좋지 못했다. 최근 6개월 수익률은 -30.08%의 하락폭을 기록했다. 최근 1개월 수익률 또한 -26.75% 하락하며 부진한 모멘텀을 이어가고 있다.
오파스넷 종목에 대한 투자자의 관심도는 평범한 수준이었다.

[투자 점수 진단]


[그림 3] 투자 점수 진단


오파스넷은 어느 측면에서 투자 매력도가 높은 종목일까?

AI 인공지능 종목 분석 시스템을 이용해 성장성, 수익성, 효율성, 안전성, 저평가성, 추세 등 주가 수익률에 영향을 줄 수 있는 6가지 핵심 투자 지표를 점수화하여 종목의 투자 매력도를 계산해보았다.
그 결과 오파스넷은 상대적으로 성장성 측면에서 두각을 드러내고 있었다.

성장성 점수는 기업의 실적이 전년 동기 대비 얼마나 증가했는지를 나타낸 지표로 기업의 이익 성장 추세를 나타낸다.

오파스넷은 특히 매출액증가율(YoY) 측면에서 가장 높은 점수는 기록했는데, 전체 시장 내 174위를 기록하며 상위 8.87%에 위치했다. 업종별로는 61위를 기록하며 상위 11.41%에 위치했다.

그러나 주가 상승 모멘텀을 나타내는 추세 측면에서는 아쉬움을 나타냈다.

(위의 AI인공지능 점수는 재무 데이터를 기반으로 전체 상장 종목과 비교/분석하여 도출한 점수로 높은 점수가 반드시 높은 수익률을 보장하지 않습니다. 위의 자료는 당사의 추천 종목이 아니며, 투자 시 참고용으로 제시해드리는 것입니다. 핵심투자지표를 결합해 종목의 투자매력도를 종합 계산한 ""인공지능 투자점수""는 ""거장들의 투자공식"" 앱에서 확인하실 수 있습니다.)

라이온봇 기자 -한국경제TV

※ 본 기사는 한국경제TV와 '거장들의 투자공식이'
자체 개발한 '라이온봇 기자'가 실시간으로 작성한 기사입니다.

라이온봇기자

▶ 네이버 홈에서 [한국경제TV] 채널 구독하기 [생방송보기]
▶ 대한민국 재테크 총집결! - [증권 / 주식상담 / 부동산]

ⓒ 한국경제TV, 무단 전재 및 재배포 금지"
오파스넷,한국경제TV,2019.07.29. 오전 9:55,"오파스넷, 전일 대비 약 3% 하락한 8,060원","[한국경제TV 라이온봇 기자]


[그림 1] 최근 3개월 간 주가 추세 및 기간별 수익률


오파스넷은 7월 29일 9시 54분 전일 대비 약 3% 하락한 8,060원에 거래되고 있다. 오파스넷은 코스닥 상장 기업으로 소프트웨어 업종에 속해 있다. 시가총액은 335억원으로 코스닥 상장기업 중 1,191위에 위치 해 있다.

[종목 성향 진단]


[그림 2] 종목 성향 진단


오파스넷의 투자 스타일은 모호한 측면이 있으나 가치주라고 볼 수 있다. 기업 가치 대비 낮은 주가가 매력적인 기업이다.
주가 모멘텀은 좋지 못했다. 최근 6개월 수익률은 -30.08%의 하락폭을 기록했다. 최근 1개월 수익률 또한 -26.75% 하락하며 부진한 모멘텀을 이어가고 있다.
오파스넷 종목에 대한 투자자의 관심도는 평범한 수준이었다.

[투자 점수 진단]


[그림 3] 투자 점수 진단


오파스넷은 어느 측면에서 투자 매력도가 높은 종목일까?

AI 인공지능 종목 분석 시스템을 이용해 성장성, 수익성, 효율성, 안전성, 저평가성, 추세 등 주가 수익률에 영향을 줄 수 있는 6가지 핵심 투자 지표를 점수화하여 종목의 투자 매력도를 계산해보았다.
그 결과 오파스넷은 상대적으로 성장성 측면에서 두각을 드러내고 있었다.

성장성 점수는 기업의 실적이 전년 동기 대비 얼마나 증가했는지를 나타낸 지표로 기업의 이익 성장 추세를 나타낸다.

오파스넷은 특히 매출액증가율(YoY) 측면에서 가장 높은 점수는 기록했는데, 전체 시장 내 174위를 기록하며 상위 8.87%에 위치했다. 업종별로는 61위를 기록하며 상위 11.41%에 위치했다.

그러나 주가 상승 모멘텀을 나타내는 추세 측면에서는 아쉬움을 나타냈다.

(위의 AI인공지능 점수는 재무 데이터를 기반으로 전체 상장 종목과 비교/분석하여 도출한 점수로 높은 점수가 반드시 높은 수익률을 보장하지 않습니다. 위의 자료는 당사의 추천 종목이 아니며, 투자 시 참고용으로 제시해드리는 것입니다. 핵심투자지표를 결합해 종목의 투자매력도를 종합 계산한 ""인공지능 투자점수""는 ""거장들의 투자공식"" 앱에서 확인하실 수 있습니다.)

라이온봇 기자 -한국경제TV

※ 본 기사는 한국경제TV와 '거장들의 투자공식이'
자체 개발한 '라이온봇 기자'가 실시간으로 작성한 기사입니다.

라이온봇기자

▶ 네이버 홈에서 [한국경제TV] 채널 구독하기 [생방송보기]
▶ 대한민국 재테크 총집결! - [증권 / 주식상담 / 부동산]

ⓒ 한국경제TV, 무단 전재 및 재배포 금지"
오파스넷,한국경제TV,2019.07.30. 오전 9:54,"오파스넷, 15% 급등... 전일 보다 1,130원 상승한 8,700원","[한국경제TV 라이온봇 기자]


[그림 1] 최근 3개월 간 주가 추세 및 기간별 수익률


오파스넷은 7월 30일 9시 54분 전일 대비 약 15% 급등한 8,700원에 거래되고 있다. 오파스넷은 코스닥 상장 기업으로 소프트웨어 업종에 속해 있다. 시가총액은 335억원으로 코스닥 상장기업 중 1,191위에 위치 해 있다.

[종목 성향 진단]


[그림 2] 종목 성향 진단


오파스넷의 투자 스타일은 모호한 측면이 있으나 가치주라고 볼 수 있다. 기업 가치 대비 낮은 주가가 매력적인 기업이다.
주가 모멘텀은 좋지 못했다. 최근 6개월 수익률은 -30.08%의 하락폭을 기록했다. 최근 1개월 수익률 또한 -26.75% 하락하며 부진한 모멘텀을 이어가고 있다.
오파스넷 종목에 대한 투자자의 관심도는 평범한 수준이었다.

[투자 점수 진단]


[그림 3] 투자 점수 진단


오파스넷은 어느 측면에서 투자 매력도가 높은 종목일까?

AI 인공지능 종목 분석 시스템을 이용해 성장성, 수익성, 효율성, 안전성, 저평가성, 추세 등 주가 수익률에 영향을 줄 수 있는 6가지 핵심 투자 지표를 점수화하여 종목의 투자 매력도를 계산해보았다.
그 결과 오파스넷은 상대적으로 성장성 측면에서 두각을 드러내고 있었다.

성장성 점수는 기업의 실적이 전년 동기 대비 얼마나 증가했는지를 나타낸 지표로 기업의 이익 성장 추세를 나타낸다.

오파스넷은 특히 매출액증가율(YoY) 측면에서 가장 높은 점수는 기록했는데, 전체 시장 내 174위를 기록하며 상위 8.87%에 위치했다. 업종별로는 61위를 기록하며 상위 11.41%에 위치했다.

그러나 주가 상승 모멘텀을 나타내는 추세 측면에서는 아쉬움을 나타냈다.

(위의 AI인공지능 점수는 재무 데이터를 기반으로 전체 상장 종목과 비교/분석하여 도출한 점수로 높은 점수가 반드시 높은 수익률을 보장하지 않습니다. 위의 자료는 당사의 추천 종목이 아니며, 투자 시 참고용으로 제시해드리는 것입니다. 핵심투자지표를 결합해 종목의 투자매력도를 종합 계산한 ""인공지능 투자점수""는 ""거장들의 투자공식"" 앱에서 확인하실 수 있습니다.)

라이온봇 기자 -한국경제TV

※ 본 기사는 한국경제TV와 '거장들의 투자공식이'
자체 개발한 '라이온봇 기자'가 실시간으로 작성한 기사입니다.

라이온봇기자

▶ 네이버 홈에서 [한국경제TV] 채널 구독하기 [생방송보기]
▶ 대한민국 재테크 총집결! - [증권 / 주식상담 / 부동산]

ⓒ 한국경제TV, 무단 전재 및 재배포 금지"
오파스넷,연합뉴스,2019.08.01. 오전 9:02,오파스넷 2분기 영업이익 10억원…24% 증가,"(서울=연합뉴스) 곽민서 기자 = 오파스넷은 올해 2분기 개별기준 영업이익이 10억원으로 작년 동기보다 24.02% 증가한 것으로 잠정 집계됐다고 1일 공시했다.

매출액은 259억원으로 53.66% 늘었다.

mskwak@yna.co.kr

▶확 달라진 연합뉴스 웹을 만나보세요

▶네이버 [연합뉴스] 채널 구독 ▶뭐 하고 놀까? #흥"
오파스넷,한국경제,2019.08.01. 오전 9:04,"[실적속보]오파스넷, 올해 2Q 영업이익 10억원... 전분기 대비 5배 이상 (개별,잠정)","◆ 올해 2Q 영업이익 10억원... 전분기 대비 5배 이상 (개별,잠정)
01일 오파스넷(173130)은 올해 2분기 개별기준, 영업이익이 10억원을 기록해 전분기 대비 465.0% 늘어난 것으로 집계됐다고 잠정공시를 발표했다. 같은 기간 매출액은 전분기 대비 49.0% 늘어난 259억원을 기록했다.

[표]오파스넷 분기 실적
* 4분기 실적은 연간실적 공시를 토대로 계산된 값임

◆ 경쟁사 대비 매출액 증감률 저조, 매출액 증감률 -28.0%
경쟁사들과 전년 동기 대비 성장률을 비교해보면 오파스넷의 매출액 증감률은 경쟁사들의 최근 실적 대비 저조한 편이다.

[표]오파스넷 및 경쟁사 전년동기 대비 성장률


◆ 실적 발표 직전, 5일간 외국인 542백주 순매수
실적 발표 직전 5일 동안 외국인의 순매수 행진이 계속되었다. 이 기간 동안 외국인과 기관은 각각 542백주, 102주를 순매수했다. 반면 개인은 536백주를 순매도한 것으로 나타났다. 같은 기간 오파스넷 주가는 -6.4% 하락했다.

[그래프]오파스넷 실적발표 직전 투자자 동향


한경로보뉴스

이 기사는 한국경제신문과 금융 AI 전문기업 씽크풀이 공동 개발한 기사 자동생성 알고리즘에 의해 실시간으로 작성된 것입니다.



▶ 네이버에서 한국경제 뉴스를 받아보세요
▶ 한경닷컴 바로가기 ▶ 모바일한경 구독신청

ⓒ 한국경제 & hankyung.com, 무단전재 및 재배포 금지"
오파스넷,머니투데이,2019.08.01. 오전 9:08,"오파스넷, 2Q 영업익 10억원…전년比 24%↑","[머니투데이 김민우 기자] 오파스넷은 올해 2분기 개별기준 영업이익이 10억원으로 작년 동기보다 24.02% 증가한 것으로 잠정 집계됐다고 1일 공시했다. 매출액은 259억원으로 53.66% 늘었다.

김민우 기자 minuk@

▶이코노미스트들의 투자칼럼
▶조 변호사의 가정상담소 ▶더 많은 기사 보러가기

<저작권자 ⓒ '돈이 보이는 리얼타임 뉴스' 머니투데이, 무단전재 및 재배포 금지>"
오파스넷,헤럴드경제,2019.08.01. 오전 9:19,"오파스넷, 2분기 영업익 10억…전년비 24%↑","[헤럴드경제=IB증권팀] 오파스넷은 2분기 개별기준 영업이익이 10억1700만원으로 전년동기대비 24.02% 증가했다고 1일 공시했다.

같은 기간 매출액은 259억4800만원으로 53.66% 늘어난 것으로 집계됐다.

totoro@heraldcorp.com

▶네이버에서 헤럴드경제 채널 구독하기

▶요즘 핫한 푸드 트렌드, 헤럴드 리얼푸드몰 ▶헤럴드경제 사이트 바로가기



- Copyrights ⓒ 헤럴드경제 & heraldbiz.com, 무단 전재 및 재배포 금지 -"
오파스넷,이데일리,2019.08.01. 오전 9:36,"오파스넷, 2분기 영업익 10억...전년비 24%↑","[이데일리 유현욱 기자] 오파스넷(173130)은 올해 2분기 영업이익이 10억원으로 전년 동기 대비 24.0% 증가한 것으로 잠정 집계됐다고 1일 공시했다. 같은 기간 매출액은 259억원으로 53.7% 늘었다.

유현욱 (fourleaf@edaily.co.kr)

네이버 홈에서 ‘이데일리’ 뉴스 [구독하기▶]
꿀잼가득 [영상보기▶] , 청춘뉘우스~ [스냅타임▶]


＜ⓒ종합 경제정보 미디어 이데일리 - 무단전재 & 재배포 금지＞"
오파스넷,한국경제TV,2019.08.01. 오전 9:55,"오파스넷, 전일 대비 약 4% 상승한 8,490원","[한국경제TV 라이온봇 기자]


[그림 1] 최근 3개월 간 주가 추세 및 기간별 수익률


오파스넷은 8월 1일 9시 54분 전일 대비 약 4% 상승한 8,490원에 거래되고 있다. 오파스넷은 코스닥 상장 기업으로 소프트웨어 업종에 속해 있다. 시가총액은 328억원으로 코스닥 상장기업 중 1,189위에 위치 해 있다.

[종목 성향 진단]


[그림 2] 종목 성향 진단


오파스넷의 투자 스타일은 모호한 측면이 있으나 가치주라고 볼 수 있다. 기업 가치 대비 낮은 주가가 매력적인 기업이다.
주가 모멘텀은 좋지 못했다. 최근 6개월 수익률은 -30.08%의 하락폭을 기록했다. 최근 1개월 수익률 또한 -26.75% 하락하며 부진한 모멘텀을 이어가고 있다.
오파스넷 종목에 대한 투자자의 관심도는 평범한 수준이었다.

[투자 점수 진단]


[그림 3] 투자 점수 진단


오파스넷은 어느 측면에서 투자 매력도가 높은 종목일까?

AI 인공지능 종목 분석 시스템을 이용해 성장성, 수익성, 효율성, 안전성, 저평가성, 추세 등 주가 수익률에 영향을 줄 수 있는 6가지 핵심 투자 지표를 점수화하여 종목의 투자 매력도를 계산해보았다.
그 결과 오파스넷은 상대적으로 성장성 측면에서 두각을 드러내고 있었다.

성장성 점수는 기업의 실적이 전년 동기 대비 얼마나 증가했는지를 나타낸 지표로 기업의 이익 성장 추세를 나타낸다.

오파스넷은 특히 매출액증가율(YoY) 측면에서 가장 높은 점수는 기록했는데, 전체 시장 내 174위를 기록하며 상위 8.87%에 위치했다. 업종별로는 61위를 기록하며 상위 11.41%에 위치했다.

그러나 주가 상승 모멘텀을 나타내는 추세 측면에서는 아쉬움을 나타냈다.

(위의 AI인공지능 점수는 재무 데이터를 기반으로 전체 상장 종목과 비교/분석하여 도출한 점수로 높은 점수가 반드시 높은 수익률을 보장하지 않습니다. 위의 자료는 당사의 추천 종목이 아니며, 투자 시 참고용으로 제시해드리는 것입니다. 핵심투자지표를 결합해 종목의 투자매력도를 종합 계산한 ""인공지능 투자점수""는 ""거장들의 투자공식"" 앱에서 확인하실 수 있습니다.)

라이온봇 기자 -한국경제TV

※ 본 기사는 한국경제TV와 '거장들의 투자공식이'
자체 개발한 '라이온봇 기자'가 실시간으로 작성한 기사입니다.

라이온봇기자

▶ 네이버 홈에서 [한국경제TV] 채널 구독하기 [생방송보기]
▶ 대한민국 재테크 총집결! - [증권 / 주식상담 / 부동산]

ⓒ 한국경제TV, 무단 전재 및 재배포 금지"
오파스넷,서울경제,2019.08.01. 오후 12:11,오파스넷 2·4분기 영업이익 10억원···24% 증가,"[서울경제] 코스닥 상장사 오파스넷(173130)은 올해 2·4분기 개별기준 영업이익이 지난해 같은 기간과 비교해 24.02% 증가한 10억원으로 잠정 집계됐다고 1일 공시했다. 같은 기간 매출액은 259억원으로 53.66% 늘었다.
/양사록기자 sarok@sedaily.com

[서울경제 바로가기]
▶ 텔레그램으로 서울경제 구독하기 | ▶ 네이버TV로 서울경제썸 구독하기
▶ 네이버 메인에서 'No. 1 뉴스' 서울경제를 만나보세요


저작권자 ⓒ 서울경제, 무단 전재 및 재배포 금지"
오파스넷,국민일보,2019.08.06. 오후 12:35,"오파스넷, 특별관계자 지분변동","오파스넷은 특별관계자인 장수현등의 지분율이 57.37%에서 57.35%로 변동했다고 06일 공시했다. 이번 지분 변동은 경영권에 영향을 주기 위한 것이다. 한편, 오파스넷의 12시 33분 현재주가는 7,720원으로 직전 거래일 대비 50원(+0.65%) 상승이며, 거래량은 42,777주이다.



공시 전문으로 이동

* 주식등의 대량보유상황보고서는 특수관계인을 포함한 개인이나 법인이 상장회사 지분을 5%이상 보유하게 될 경우에 5일 이내 발표하는 지분공시다. 일명 ""5%룰""이라고도 불리며, 주식을 추가로 매입하거나, 매각해 1% 이상의 지분변동이 생겨도 5일 이내에 공시해야 한다.

스톡봇 기자

※ 이 기사는 국민일보와 엠로보가 개발한 증권뉴스 전용 인공지능 로봇 ‘스톡봇’이 금융감독원 전자공시시스템(DART)과 한국거래소(KRX) 데이터를 토대로 작성한 것입니다. 지속적인 업그레이드를 통해 더욱 풍부하고 정확한 내용을 담아 가겠습니다.

[국민일보 채널 구독하기]
[취향저격 뉴스는 여기] [의뢰하세요 취재대행소 왱]

GoodNews paper ⓒ 국민일보(www.kmib.co.kr), 무단전재 및 재배포금지"
오파스넷,연합뉴스,2019.08.14. 오후 6:17,"오파스넷 ""반기 재무제표 검토의견 '한정'""","(서울=연합뉴스) 조민정 기자 = 오파스넷은 올해 사업연도 반기 재무제표에 대해 이촌회계법인으로부터 검토의견 '한정'을 받았다고 14일 공시했다.

회사는 한정 의견 사유를 '감사범위 제한으로 인한 한정'이라고 설명했다.

그러면서 ""세무조사와 관련된 조세불복 대상의 항목별 세액에 대한 검토, 분석, 판단에 많은 시일이 소요됐고 이러한 불확실한 상황에 대해 회계법인과 충분한 의견 교환을 하지 못했다""며 ""회계법인과 재검토를 포함한 일련의 절차를 협의하겠다""고 밝혔다.

chomj@yna.co.kr

▶확 달라진 연합뉴스 웹을 만나보세요

▶네이버 [연합뉴스] 채널 구독 ▶뭐 하고 놀까? #흥"
